outer,omega1,omega2,omega3,lambda1,lambda2,gap12,dOff,volume,Mnd,beta,box_max,box_mean,N,multJ,max_abs_drho,l2_drho,rms_drho,pred_gain,real_gain,gain_ratio,stop_metric,stop_eps,stop_raw,nInner,innerConv,spike
1,68.21560761702113,251.35772414293928,385.3906171064377,4653.369122559392,63180.70548631796,2.684753869732014,58527.336363758564,0.49983007610162533,0.9750868765513135,6612.384373182439,0.1,0.10000000000001322,2,0,0.09995896260291257,13.393076152645488,0.0789194580706955,1959.015250623047,2215.353579509272,1.1308506040495085,13.393076152645488,0.15000000000000002,False,21,1,False
2,82.87775758349561,287.95188736331954,409.35302440769794,6868.722702068664,82916.28943609787,2.4744169697547735,76047.5667340292,0.49979136998694784,0.9109165698811615,9199.403389748815,0.1,0.10000000000001322,2,0,0.09994245960650794,12.411293431999882,0.07313424790885979,2330.680687680151,2494.176887870133,1.0701495494660482,12.411293431999882,0.15000000000000002,False,18,1,False
3,96.762077230384,305.8743384341717,436.06865353557777,9362.899589938797,93559.11091254221,2.1610972727043207,84196.21132260341,0.4997630262433141,0.8334751321163051,11705.977470855363,0.1,0.09702916666667957,2,0,0.09991965334996239,10.603350069554242,0.06248083947897212,2343.077880916566,2398.123493803654,1.0234928652331248,10.603350069554242,0.15000000000000002,False,16,1,False
4,108.44825071776147,272.065045555021,461.8800609592363,11761.023083742451,74019.38901285567,1.5087084738976122,62258.36592911321,0.499761367993067,0.7640222707531457,14014.528468467712,0.1,0.09424611111112137,2,1,0.09988471126636096,9.170516986055516,0.05403778956521895,2253.5053847252602,2462.7498231865666,1.0928528681935308,9.170516986055516,0.15000000000000002,False,15,1,False
5,119.26346006606138,196.72785235010534,458.8488872833924,14223.772906929018,38701.847890284844,0.6495232675719416,24478.074983355826,0.49982530319785207,0.6842323650197021,16817.365940182546,0.1,0.09262666666667389,2,0,0.09985168167769812,9.016166980692848,0.05312827343631794,2593.593033253528,2950.8731948464156,1.1377549048798523,9.016166980692848,0.15000000000000002,False,19,1,False
6,131.05207400791272,171.3052644552177,464.0051838685821,17174.646101775434,29345.493630072073,0.3071541656400993,12170.84752829664,0.49986015893860464,0.64392387948697,18879.24901800883,0.1,0.09386034027778761,2,1,0.09959459692737807,7.063184511709819,0.04162021387501506,1704.602916233398,1770.1743799505384,1.0384672952819014,7.063184511709819,0.15000000000000002,False,16,1,False
7,137.64018483613705,152.41583802256633,386.5891164798585,18944.820481725972,23230.587680121178,0.10734984992950965,4285.767198395206,0.4999165223489542,0.6153862737623561,20196.250707660776,0.1,0.09318855277778813,2,0,0.09959478500310748,6.074466827346996,0.035794139047581615,1251.4302259348042,1339.3436729114692,1.07025037845078,6.074466827346996,0.15000000000000002,False,16,1,False
8,142.42248472287457,145.26961049007357,368.33339978429433,20284.16415463744,21103.259731937695,0.0199907042258035,819.0955773002534,0.49996222876578966,0.5945789947671515,21056.24983052358,0.1,0.09264927872222828,2,0,0.09964625530668451,4.435292304281689,0.026135210540850752,772.0856758861373,804.3424715202782,1.0417787774616063,4.435292304281689,0.15000000000000002,False,21,1,False
9,145.21882325014798,145.28153025282066,374.163026769054,21088.50662615772,21106.723032601243,0.00043181043110826446,18.216406443523738,0.4999696407818986,0.5761345765760945,21708.468791548756,0.1,0.09108944109167472,2,0,0.09957170777069181,3.805203669209992,0.022422377652452644,619.9621653910363,430.61676971272027,0.6945855630417578,3.805203669209992,0.15000000000000002,False,18,1,False
10,146.6939787307933,147.45307909670635,380.10229859409276,21519.12339587044,21742.410535099538,0.005174720683703805,223.2871392290981,0.4999517587295078,0.5604437277496302,22168.30751974916,0.1,0.08592693463778409,2,0,0.09961702131749252,3.309417894623626,0.01950093195890394,649.1841238787201,641.4648661126921,0.9881092936778748,3.309417894623626,0.15000000000000002,False,20,1,False
11,148.86432837313018,149.93346434753678,394.6449796610935,22160.58826198313,22480.043731254085,0.00718194873204818,319.4554692709535,0.4999696872796566,0.5460423469358925,22537.191700119576,0.1,0.08084328526078247,2,0,0.09966971431789522,2.763475349868668,0.01628393466278335,376.6034381364443,361.380094333359,0.959577257503502,2.763475349868668,0.15000000000000002,False,19,1,False
12,150.07320998871347,150.5173891224332,396.7350749202187,22521.96835631649,22655.484428233973,0.0029597496698653544,133.5160719174819,0.49995822101936865,0.5349582841433486,22753.845067646573,0.1,0.07681049814960306,2,0,0.09941031626457797,2.205004614286961,0.01299311429424948,231.8767113300819,206.44516920421665,0.8903229997528176,2.205004614286961,0.15000000000000002,False,22,1,False
13,150.75945584115348,152.30351236228412,401.90335987712507,22728.413525520707,23196.359877888433,0.010241855229018106,467.9463523677259,0.49995912688683264,0.5240983012712298,22923.205580644415,0.1,0.07412733005035672,2,0,0.09900090153814371,2.3345898004090007,0.01375670232631794,194.79205512370754,188.32510877759705,0.966800769456416,2.3345898004090007,0.15000000000000002,False,24,1,False
14,151.38275540595205,153.87515008681754,404.9863108764127,22916.738634298305,23677.561814240624,0.01646419154005894,760.8231799423193,0.49995731763343343,0.5158281659920095,23061.547812009332,0.1,0.07207241626539306,2,0,0.07075510224351564,1.8081064386121026,0.010654369365413965,144.8091777110276,146.0317744981403,1.0084428128550833,1.8081064386121026,0.15000000000000002,False,21,1,False
15,151.86431578483618,153.65163369740003,402.0603338404954,23062.770408796445,23608.824537879995,0.011769176342230066,546.0541290835499,0.4999710784960552,0.508377723266163,23209.737218370534,0.1,0.06901277477452057,2,0,0.09063840622762183,1.7836515495190364,0.01051026754949003,146.96680957408898,127.97504949105132,0.8707751761225822,1.7836515495190364,0.15000000000000002,False,18,1,False
16,152.28507956555526,154.69946071955704,403.54163291822846,23190.745458287496,23931.92314692177,0.01585435133165779,741.1776886342741,0.4999490481289064,0.5001440846802527,23300.467795993187,0.1,0.0674839021249845,2,0,0.09545226617518641,1.9243678057783693,0.011339446041358016,109.72233770569073,118.16378270451605,1.0769346076226327,1.9243678057783693,0.15000000000000002,False,22,1,False
17,152.67255562474878,154.17144942164114,400.15059251015197,23308.909240992012,23768.835816769653,0.009817702931340625,459.9265757776411,0.499980159959909,0.49225507206499913,23430.850180400692,0.1,0.06433574955383692,2,0,0.0885426321694769,1.809798617304382,0.010664340623983049,121.9409394086797,123.89579299600518,1.0160311507915638,1.809798617304382,0.15000000000000002,False,24,1,False
18,153.0777744611804,154.23253827734996,398.74290473687256,23432.805033988017,23787.675863474222,0.007543641264933531,354.87082948620446,0.4999536605841859,0.4873254826168289,23466.88716450404,0.1,0.06113696582247219,2,0,0.06362530347099522,1.1966001382508746,0.007051033934382948,34.082130516024336,68.57589953244678,2.012077839447407,1.1966001382508746,0.15000000000000002,False,18,1,False
19,153.30160120990408,154.51729955813488,398.55723066246355,23501.380933520464,23875.595862738388,0.007930108613583495,374.2149292179238,0.49996735995664787,0.4811921321796736,23596.68878166473,0.1,0.05961170953149231,2,0,0.07154869593156692,1.584326674738136,0.009335734461017245,95.30784814426443,78.17514394804675,0.8202382644261945,1.584326674738136,0.15000000000000002,False,24,1,False
20,153.5563612406484,155.55436321185994,400.30428470139964,23579.55607746851,24197.159914247244,0.013011521991461624,617.6038367787332,0.4999613563249636,0.47369651824386494,23696.178912533254,0.1,0.059613453660039895,2,0,0.08170988265286737,1.8881592011075847,0.011126084792191227,116.62283506474341,112.23407499164023,0.9623679181639964,1.8881592011075847,0.15000000000000002,False,29,1,False
21,153.92137652860356,155.92393306790092,399.0377751178185,23691.79015246015,24312.272903363246,0.013010256174035836,620.4827509030947,0.49996814059174793,0.4683960391936194,23736.772598452077,0.1,0.05985010797856301,2,0,0.08588232060920782,1.3703743537661408,0.008075008319268091,44.98244599192549,95.34650170819441,2.1196379966822936,1.3703743537661408,0.15000000000000002,False,17,1,False
22,154.23079022740026,155.6169683577006,395.99889945036585,23787.136654168346,24216.640840841595,0.008987687401825204,429.50418667324993,0.49998159575331097,0.46291023625414446,23870.291680300517,0.1,0.058126654747512656,2,0,0.099046917919288,1.4623360639501224,0.008616897893273136,83.15502613217177,78.76226156645862,0.9471737936955126,1.4623360639501224,0.15000000000000002,False,20,1,False
23,154.4859181794082,156.6107097404372,396.34299929844013,23865.898915734804,24526.914405403466,0.013753949784351308,661.0154896686618,0.49996371823986685,0.4562594285596179,23968.778474608338,0.1,0.055976105654006035,2,0,0.09855799792221344,1.7381424119103852,0.01024210238441479,102.87955887353382,110.40063992908472,1.0731056891952298,1.7381424119103852,0.15000000000000002,False,27,1,False
24,154.8428220992626,156.94295266186126,394.33346260531624,23976.29955566389,24631.090390223224,0.013562982992213571,654.790834559335,0.49998218736749417,0.45114839278194735,24049.08424455771,0.1,0.05562620427801653,2,0,0.09922866090244899,1.423858852803345,0.008390168752247861,72.78468889382202,82.8642341156301,1.1384844171898856,1.423858852803345,0.15000000000000002,False,21,1,False
25,155.1101666228862,157.25111676816303,392.9737079785376,24059.16378977952,24727.913724834445,0.01380277122957419,668.749935054926,0.49997407382819875,0.44731864187502784,24085.05080463797,0.1,0.055164136036035795,2,0,0.07955685356717983,1.0636330172024677,0.0062675176596481055,25.88701485845013,56.60575181018794,2.1866465530965034,1.0636330172024677,0.15000000000000002,False,18,1,False
26,155.29252893036968,157.44822299719036,391.81277955982574,24115.769541589707,24789.942924972984,0.013881505322044473,674.1733833832768,0.49997247303593867,0.4423788426676051,24187.71869819008,0.1,0.05493942478152408,2,0,0.08168263499142786,1.4753375491525582,0.008693509879540961,71.94915660037441,69.3816219578548,0.9643145970872126,1.4753375491525582,0.15000000000000002,False,24,1,False
27,155.51575856982328,158.89780045656482,393.581657815886,24185.15116354756,25248.510989934293,0.021747261614153926,1063.3598263867316,0.4999589566043934,0.43554319102012384,24287.722087755617,0.1,0.053952287542804366,2,0,0.09863154875465567,1.8409010212383754,0.010847613296757465,102.57092420805566,100.25187837215708,0.977390806860679,1.8409010212383754,0.15000000000000002,False,32,1,False
28,155.83774588308097,159.348701388031,390.7258161983096,24285.40304191972,25392.008634051872,0.022529557810622897,1106.605592132153,0.49998811168927737,0.42912140579597563,24361.792082007873,0.1,0.053447961416982936,2,0,0.09899636046892359,1.7694870736261328,0.010426802574858151,76.3890400881537,96.02453946334936,1.2570460284948743,1.7694870736261328,0.15000000000000002,False,26,1,False
29,156.14553333791866,159.47391034736003,387.3894330870194,24381.427581383068,25431.928081477825,0.02131586436250046,1050.5005000947567,0.4999877121785235,0.4221126437331706,24461.72059821282,0.1,0.052699909556223404,2,0,0.0993192002087214,1.8972070728800918,0.011179399887904945,80.29301682975347,105.99211346433367,1.3200663974187243,1.8972070728800918,0.15000000000000002,False,30,1,False
30,156.48456695421245,160.3054923680152,386.8915055787754,24487.419694847402,25697.850883351777,0.024417266751428256,1210.4311885043753,0.4999785142531267,0.4173708022554593,24501.464252353493,0.1,0.05108607666557629,2,0,0.06239057300614751,1.2373877919420826,0.007291377488664128,14.044557506091223,60.843026403465046,4.332142637963282,1.2373877919420826,0.15000000000000002,False,20,1,False
31,156.67885218258036,160.4871470495847,384.5826061261728,24548.262721250867,25756.124368115026,0.02430637456142762,1207.8616468641594,0.4999873858246082,0.40907799058307515,24648.29282089256,0.1,0.05052167954433947,2,0,0.08734244085385258,2.03526085773108,0.011992889616543299,100.03009964169178,120.36000613353099,1.2032378910414068,2.03526085773108,0.15000000000000002,False,29,1,False
32,157.06248032991329,160.97212977622462,381.318182495799,24668.622727384398,25912.0265646937,0.024892319528502464,1243.4038373093026,0.49998156403202676,0.4000402756346943,24777.617712140724,0.1,0.04983116818398796,2,0,0.09903130440381071,2.195184967862208,0.012935251472784504,108.99498475632572,140.78638895452968,1.2916776792003624,2.195184967862208,0.15000000000000002,False,26,1,False
33,157.51002862147834,161.82806225657208,378.6015556296942,24809.409116338928,26188.32173371697,0.02741434099710986,1378.9126173780423,0.4999697042678444,0.38870945225747744,24958.77796795718,0.1,0.05005344910070592,2,0,0.0982283889987354,2.5597874247759314,0.015083692053792586,149.36885161825194,185.3978502705686,1.2412082456414504,2.5597874247759314,0.15000000000000002,False,22,1,False
34,158.09746034206083,163.19620755990923,375.55901610708173,24994.806966609496,26633.002161936973,0.03225065859259669,1638.1951953274765,0.49996452544158737,0.3715790196795489,25269.677556117414,0.1,0.04987573626933871,2,0,0.09905481892587481,3.570169922730806,0.021037428019593376,274.87058950791834,331.7993036129592,1.2071109688634072,3.570169922730806,0.15000000000000002,False,24,1,False
35,159.1433513227067,165.1262727418106,375.8382505362068,25326.606270222455,27266.68594960282,0.037594542086598876,1940.0796793803638,0.4999799198655384,0.3537081222102245,25637.765327550955,0.1,0.05060881462602665,2,0,0.09924382112955422,3.5768330810287194,0.021076691056398162,311.15905732849933,318.36963617796937,1.023173289286121,3.5768330810287194,0.15000000000000002,False,28,1,False
36,160.14048802973102,166.56078589634825,375.6068697753562,25644.975906400425,27742.495398409163,0.04009165917756705,2097.519492008738,0.49998018146427303,0.3415073495684997,25834.967179106072,0.1,0.051367513211065835,2,0,0.09982524098137742,2.8805657871417463,0.01697389668118245,189.99127270564713,175.39400226133148,0.9231687317188977,2.8805657871417463,0.15000000000000002,False,27,1,False
37,160.6871802872331,167.77616372618843,373.93687374818813,25820.369908661756,28148.841114676787,0.04411667082765132,2328.4712060150305,0.4999676763777418,0.3334933257830733,25936.474169143414,0.1,0.05017881450241486,2,0,0.09799694582433154,2.0578630891373972,0.012126074542354585,116.10426048165755,118.8941759171139,1.0240293975766472,2.0578630891373972,0.15000000000000002,False,18,1,False
38,161.05671077163743,169.05255635180018,373.34487610797225,25939.26408457887,28578.766809078574,0.0496461497434905,2639.5027244997036,0.4999707296547967,0.3194909846711925,26149.17485575624,0.1,0.04917531004726126,2,0,0.09931545131538172,3.1380122351141475,0.018490914424129735,209.9107711773686,209.94275919401116,1.000152388638578,3.1380122351141475,0.15000000000000002,False,27,1,False
39,161.70716386039575,170.59731577870892,370.4030929124787,26149.20684377288,29103.444150900526,0.05497685882357178,2954.237307127645,0.49996416457023946,0.30465627278558916,26391.462906716057,0.1,0.04814686108653768,2,0,0.09923601584871057,3.2080120122049975,0.018903392066317127,242.2560629431755,243.56766424782109,1.00541411136923,3.2080120122049975,0.15000000000000002,False,22,1,False
40,162.45853165660677,172.4141626448851,369.7259631260281,26392.774508020702,29726.64348053689,0.06128105976805103,3333.8689725161894,0.49997834345208453,0.2886283287150867,26676.143818536395,0.1,0.04815440524610678,2,0,0.0991457519772096,3.4436370018649294,0.020291825633030027,283.36931051569263,258.8443012267162,0.9134521333861302,3.4436370018649294,0.15000000000000002,False,28,1,False
41,163.25323521831785,174.43594861648555,370.47353958133306,26651.61880924742,30427.900169733184,0.06849918400216141,3776.2813604857656,0.4999735105357971,0.2811780657795058,26770.757115725577,0.1,0.04776289445606313,2,0,0.0990431160080428,1.9570363733170564,0.01153194742167682,119.13830647815848,96.09027876910841,0.8065439371234017,1.9570363733170564,0.15000000000000002,False,18,1,False
42,163.54726866571795,175.47777923350895,369.6675102770823,26747.709088016527,30792.451004724106,0.07294839385044297,4044.7419167075786,0.49997692844974484,0.2715464863581263,26896.639725836274,0.1,0.046213584708286466,2,0,0.09876042920938344,2.4562032291821776,0.014473316327725113,148.93063781974706,136.41080795522066,0.9159351625172025,2.4562032291821776,0.15000000000000002,False,24,1,False
43,163.96377617013994,176.5471942713308,368.58917836084123,26884.119895971748,31168.911805079017,0.07674511038421956,4284.791909107269,0.4999778437690246,0.26522015901834367,26980.65734718405,0.1,0.04560676443843143,2,0,0.09712217802470607,1.681212251479896,0.009906638196961148,96.53745121230168,84.78916723254952,0.8783033544782971,1.681212251479896,0.15000000000000002,False,15,1,False
44,164.22213329269687,177.16639488305205,367.9663677672075,26968.909063204297,31387.93147585753,0.07882166265179572,4419.022412653234,0.49997654730329233,0.25839816498437124,27080.838281491153,0.1,0.045812603778290585,2,0,0.09896982089196034,1.8698024492976812,0.011017916594813383,111.92921828685576,82.89432647317153,0.7405959564617642,1.8698024492976812,0.15000000000000002,False,15,1,False
45,164.4743244086367,178.33398285013726,367.739355033207,27051.80338967747,31803.00943919305,0.08426639532542608,4751.206049515582,0.49997994428190945,0.2524746285149741,27146.71017196094,0.1,0.046070129422762035,2,0,0.09926471981015544,1.6145964455163035,0.009514100795868952,94.90678228347315,66.55183652420237,0.7012337255879294,1.6145964455163035,0.15000000000000002,False,14,1,False
46,164.67651692394296,179.34211212750043,367.370938021335,27118.35522620167,32163.593182352935,0.08905699171625596,5045.237956151264,0.4999837113528755,0.2473539485820019,27194.27828235963,0.1,0.04681454363346973,2,0,0.09872025534822672,1.3879412408322025,0.008178522194007679,75.92305615796067,59.26670365999598,0.7806153579577916,1.3879412408322025,0.15000000000000002,False,14,1,False
47,164.85636757450914,179.93299962025995,366.8929009029034,27177.621929861667,32375.884352344467,0.09145313746487056,5198.2624224828,0.49998350471494685,0.2422482939335817,27257.525820115672,0.1,0.04674614755086787,2,0,0.09909718337765663,1.5397691398758129,0.009073176668899707,79.90389025400509,50.39681500613369,0.6307179143084038,1.5397691398758129,0.15000000000000002,False,15,1,False
48,165.009147458157,180.9199246559754,366.6248987996141,27228.0187448678,32732.019137523814,0.09642360707216577,5504.000392656013,0.49998578032826674,0.23737003111703658,27299.3430850314,0.1,0.046304426855254106,2,0,0.09551433698495226,1.4506091848636944,0.008547796595571736,71.32434016359912,50.790349933206016,0.7121040281158778,1.4506091848636944,0.15000000000000002,False,16,1,False
49,165.16297737326306,181.70729198865888,366.30361899147755,27278.809094801007,33017.53996185173,0.10016963170872245,5738.730867050726,0.4999870925467081,0.23325258461359977,27334.04740564191,0.1,0.045789194336293366,2,0,0.09674398380035416,1.271190388360502,0.007490561198240599,55.23831084090489,43.30032368041793,0.7838821104636915,1.271190388360502,0.15000000000000002,False,16,1,False
50,165.29400902174714,182.17487890007203,365.7750494416971,27322.109418481425,33187.68650225591,0.10212632616408941,5865.577083774482,0.4999861844658543,0.22950126012366698,27382.86791690758,0.1,0.04619172830400034,2,0,0.09932384700468942,1.316811199327802,0.007759384404892327,60.75849842615571,25.451104788335215,0.41888962774924104,1.316811199327802,0.15000000000000002,False,14,1,False
51,165.37097847950758,183.05433084273272,365.57098489903626,27347.56052326976,33508.888040280646,0.10693141278967774,6161.327517010886,0.4999887072512247,0.22596472951029428,27399.66950755912,0.1,0.0447060250909699,2,0,0.09597247807259547,1.1814124550406648,0.006961539652812511,52.108984289359796,21.69537030432184,0.41634606009297803,1.1814124550406648,0.15000000000000002,False,14,1,False
52,165.43656153817415,183.87760917788233,365.3660398040866,27369.25589357408,33810.97515697404,0.11146899735009878,6441.719263399958,0.49999045923382945,0.2229062795649609,27406.151584328953,0.1,0.04484813548741872,2,0,0.09752086647221153,0.9743055379445419,0.005741150440234938,36.895690754870884,23.708652168563276,0.6425859411626089,0.9743055379445419,0.15000000000000002,False,14,1,False
53,165.50820084135603,184.27268172984012,365.1959343124099,27392.964545742645,33956.42123190695,0.11337493123056988,6563.456686164303,0.4999894199854436,0.21919547298929615,27444.3266638695,0.1,0.04453791564023771,2,0,0.08305411601173326,1.3150781974693961,0.00774917259350993,51.3621181268536,14.411719484312925,0.28059044311060183,1.3150781974693961,0.15000000000000002,False,17,1,False
54,165.55173289708253,185.2221732548554,365.2703571089642,27407.376265226958,34307.25346525167,0.11881748389792607,6899.877200024712,0.4999900550550252,0.21543975582577868,27455.47693252596,0.1,0.043918124341244605,2,0,0.0764256246395094,1.2765813788894604,0.007522327914576757,48.100667299000634,15.79455408418653,0.32836455232534134,1.2765813788894604,0.15000000000000002,False,17,1,False
55,165.59942880128284,186.14460257560765,365.37056615208644,27423.170819311144,34649.81306803092,0.12406548695876693,7226.642248719774,0.49999014202895276,0.2118359438521907,27467.173175034673,0.1,0.043409629686192504,2,0,0.09181831798197417,1.20272222725728,0.0070871086898117545,44.002355723529035,16.704018182826985,0.3796164525322215,1.20272222725728,0.15000000000000002,False,16,1,False
56,165.64985613484237,186.92785994094814,365.5013273756569,27439.87483749397,34942.02482210272,0.12845168901797924,7502.14998460875,0.49998982225114774,0.2081292362421583,27483.637678908788,0.1,0.04325819558057405,2,0,0.09461013169539104,1.2009233711068823,0.007076508828292377,43.76284141481665,18.934288586209732,0.4326567465475221,1.2009233711068823,0.15000000000000002,False,16,1,False
57,165.7069978186805,187.62373616152345,365.79440323358307,27458.80912608018,35202.666371208965,0.13226199636315084,7743.857245128784,0.4999892311891604,0.2046292212882751,27504.96482307115,0.1,0.043640572478133695,2,0,0.08038632730345463,1.1937918075473954,0.007034485687014243,46.15569699096886,9.805169816238049,0.2124368269892359,1.1937918075473954,0.15000000000000002,False,15,1,False
58,165.73658104322178,188.4400115045691,366.0725820596874,27468.61429589642,35509.63793584213,0.13698502960807782,8041.0236399457135,0.49998916009690086,0.20032947560916606,27520.7042560819,0.1,0.04280415247898862,2,0,0.08970299207893247,1.3623793478805868,0.008027897295290578,52.08996018547987,15.949111967645877,0.3061839922867077,1.3623793478805868,0.15000000000000002,False,17,1,False
59,165.7846899079166,189.36114295783355,366.438376674905,27484.563407864065,35857.64246229707,0.14221128056524548,8373.079054433008,0.4999885964839716,0.19573687058430644,27538.445746008274,0.1,0.04177111285750091,2,0,0.0903531420721616,1.4057102293057577,0.00828322696271165,53.882338144208916,16.18842436374689,0.3004402726626436,1.4057102293057577,0.15000000000000002,False,17,1,False
60,165.83350636173563,190.2746719042837,366.86412230756525,27500.751832227812,36204.45076828281,0.14738375904103554,8703.698936055,0.4999874468083343,0.19072756619264422,27558.182085350938,0.1,0.041882697350410183,2,0,0.06826656696231433,1.4763910915313845,0.008699717937543755,57.43025312312602,17.181938061530673,0.2991792152594892,1.4763910915313845,0.15000000000000002,False,17,1,False
61,165.8853030569295,191.18851201111323,367.3669470908166,27517.933770289343,36553.047125023586,0.15253436252577496,9035.113354734243,0.4999857448035686,0.18513069066076257,27581.65739347583,0.1,0.041793055288111204,2,0,0.08572803212853265,1.574164367326235,0.009275852490321767,63.72362318648811,20.58413098480014,0.3230219807897674,1.574164367326235,0.15000000000000002,False,17,1,False
62,165.9473347218151,192.11438457582176,367.9574063401704,27538.517901274143,36907.936760946744,0.15768285702130522,9369.418859672602,0.49998581438274087,0.17941749797560597,27603.94458452665,0.1,0.04151278494094908,2,0,0.08233663297490061,1.5581616229230604,0.009181555414612769,65.42668325250634,19.924818818635686,0.304536587033432,1.5581616229230604,0.15000000000000002,False,17,1,False
63,166.0073574275935,193.016591459617,368.5059759184799,27558.44272009278,37255.40457868869,0.16269901798662126,9696.961858595914,0.4999887529700653,0.17423218897031278,27617.535718352967,0.1,0.04130896529865246,2,0,0.068624103716789,1.4439210615201317,0.008508386450824693,59.092998260188324,14.993796028047655,0.2537321928061511,1.4439210615201317,0.15000000000000002,False,18,1,False
64,166.0525113213312,193.87975430879155,368.85109501099515,27573.436516120826,37589.35913083737,0.16758098246169462,10015.922614716546,0.49999042095948704,0.16993155049518677,27623.018427640403,0.1,0.04088636506523784,2,0,0.0691071055329056,1.3378953158425064,0.007883623752916284,49.58191151957726,8.756358851234836,0.17660389813283853,1.3378953158425064,0.15000000000000002,False,18,1,False
65,166.0788754627513,194.65080826450276,369.03906722361654,27582.19287497206,37888.937158024215,0.17203833252206507,10306.744283052154,0.4999902479551048,0.16598527863926563,27627.080472590715,0.1,0.04026874024786676,2,0,0.06248725092947571,1.285669546619597,0.007575880456497926,44.88759761865367,7.3035164179163985,0.1627067788292889,1.285669546619597,0.15000000000000002,False,17,1,False
66,166.10086210309078,195.34486214405314,369.2409138788367,27589.496391389977,38159.61516607912,0.17606169932346302,10570.118774689145,0.4999895952018251,0.16182769030619307,27636.6559004301,0.1,0.039393136257721374,2,0,0.05991246538412953,1.3279375394948048,0.007824946993074627,47.15950904012425,8.690004315343685,0.18426833722866065,1.3279375394948048,0.15000000000000002,False,17,1,False
67,166.12701886118742,196.01608001246595,369.49786944307715,27598.18639570532,38422.30362345345,0.17991691752593994,10824.117227748131,0.49998898428118244,0.15717744887986268,27650.339169641786,0.1,0.03904686847975296,2,0,0.06545886451787039,1.43797891358659,0.008473372008336184,52.152773936464655,12.59500250560086,0.24150206316819844,1.43797891358659,0.15000000000000002,False,18,1,False
68,166.1649222856946,196.67161949105144,369.84665936282937,27610.781398210922,38679.72591323293,0.18359288341798977,11068.944515022005,0.4999892546131878,0.152595295629073,27661.676188031117,0.1,0.038963425374344635,2,0,0.06665303895034627,1.4126856989422907,0.008324330311727928,50.894789820195,14.264402083485038,0.2802723448486457,1.4126856989422907,0.15000000000000002,False,18,1,False
69,166.20783916619098,197.24246136991434,370.2543342017865,27625.045800294407,38904.58856726215,0.18672177172517046,11279.542766967745,0.49998963293169557,0.1483041043005868,27673.790770943495,0.1,0.03902510825444968,2,0,0.07070369792005679,1.3856146443385982,0.008164812592693409,48.74497064908792,12.42853667251984,0.2549706463461045,1.3856146443385982,0.15000000000000002,False,18,1,False
70,166.24522350120898,197.77104945747982,370.629825682232,27637.474336966927,39113.388003512926,0.18963447666237201,11475.913666546,0.49999099389467566,0.14453219976167128,27681.22133662717,0.1,0.03853899358550038,2,0,0.06700865965222462,1.284654077234737,0.007569896745763577,43.74699966024491,9.007441329551511,0.20589849359971135,1.284654077234737,0.15000000000000002,False,18,1,False
71,166.27231212170136,198.27355593042654,370.89658149726193,27646.48177829648,39312.40298129598,0.19246285446071254,11665.9212029995,0.4999937571949329,0.14175462526369015,27678.59141429994,0.1,0.03767792525142977,2,0,0.0695860767776922,1.0508266511167046,0.006192055423801434,32.109636003460764,4.941131525902165,0.15388313730400469,1.0508266511167046,0.15000000000000002,False,18,1,False
72,166.28717000966245,198.6691274693758,371.01933905402785,27651.42290982238,39469.422209443095,0.1947351527952021,11817.999299620715,0.49999582527237535,0.13999235547261324,27673.16300467619,0.1,0.03661800857463237,2,0,0.0679781649386742,0.8564032396898431,0.005046404485123469,21.74009485380884,-1.1325382281429484,-0.05209444741426825,0.8564032396898431,0.15000000000000002,False,18,1,False
73,166.2837646061522,199.03262631356657,370.9586319862745,27650.290371594238,39613.986337275834,0.19694563558252948,11963.695965681596,0.49999678843173156,0.13876424096467882,27665.895949947542,0.1,0.03608543815494684,2,0,0.06327609494071239,0.7492043291456623,0.004414728846943466,15.605578353304736,-3.1351746961445315,-0.2009008974332955,0.7492043291456623,0.15000000000000002,False,18,1,False
74,166.27433715669443,199.35065293089747,370.86391719503615,27647.155196898093,39740.68282397514,0.19892616226779733,12093.527627077048,0.49999733360142995,0.13775453048591935,27659.676610169437,0.1,0.03606848361542112,2,0,0.06017497640135294,0.6802223117448226,0.004008248411242948,12.5214132713445,-3.7473968226258876,-0.2992790623085558,0.6802223117448226,0.15000000000000002,False,18,1,False
75,166.2630680580491,199.64238858514872,370.797509102946,27643.407800075467,39857.08331998352,0.20076208695635017,12213.67551990805,0.49999776888436953,0.1368533564565757,27653.91798084834,0.1,0.0360862134566526,2,0,0.05243229257309966,0.6209200287320753,0.0036588063574249695,10.510180772871536,-3.0383940676256316,-0.2890905621212734,0.6209200287320753,0.15000000000000002,False,18,1,False
76,166.25393049792189,199.90866985749332,370.7763914033824,27640.36940600784,39963.47628419226,0.20242973660097682,12323.106878184415,0.4999981030347443,0.13606535752499233,27649.08422325313,0.1,0.035969416428206294,2,0,0.04490290181726395,0.5662592438733822,0.003336714593770296,8.714817245287122,-2.631901826171088,-0.3020031002479589,0.5662592438733822,0.15000000000000002,False,18,1,False
77,166.24601500241042,200.1470111322886,370.77610814423423,27637.73750418167,40058.82606518846,0.20392065415454716,12421.088561006793,0.4999983611894505,0.13536859783244187,27645.03609159997,0.1,0.035915464026658905,2,0,0.04247928704453917,0.5218263422460625,0.0030748912100330246,7.298587418299576,-2.1408487177395727,-0.29332370704663663,0.5218263422460625,0.15000000000000002,False,18,1,False
78,166.23957608061906,200.35728656069554,370.80874515894,27635.59665546393,40143.04227796467,0.2052321792707824,12507.445622500738,0.4999985835456871,0.13475693997344923,27641.859397296143,0.1,0.035559488578750346,2,0,0.03858206352098168,0.4795999338083098,0.0028260697121039596,6.262741832211759,-1.9436935947414895,-0.31035824991927724,0.4795999338083098,0.15000000000000002,False,18,1,False
79,166.23372991625132,200.54980449590434,370.84898378278683,27633.65296186919,40220.224083345456,0.2064326812430996,12586.571121476267,0.4999987611420422,0.1342384355459021,27639.04806261872,0.1,0.03517987402140672,2,0,0.033521313425473834,0.44761403804735517,0.002637591013813151,5.395100749530684,-2.5395934984844644,-0.4707221637529905,0.44761403804735517,0.15000000000000002,False,18,1,False
80,166.2260911180032,200.73663487409542,370.8729894279908,27631.113368370705,40295.1965805759,0.2076120753606202,12664.083212205198,0.4999989069898661,0.13378154738273268,27635.846705038402,0.1,0.034915316175071494,2,0,0.030728873050604313,0.42126869145239165,0.002482349570229746,4.733336667697586,-2.867593957846111,-0.6058292826318186,0.42126869145239165,0.15000000000000002,False,18,1,False
81,166.2174653109981,200.92228794644197,370.8946820438064,27628.24577441286,40369.76579363294,0.2087916728275819,12741.520019220083,0.4999990234113309,0.13337591371159574,27632.489603910602,0.1,0.03470731096536358,2,0,0.028423429542391056,0.39620813282717143,0.002334678812361277,4.243829497743718,-2.8478668474381266,-0.6710606184702351,0.39620813282717143,0.15000000000000002,False,18,1,False
82,166.20889840067355,201.09813698794355,370.92167893440353,27625.39790756542,40440.46070002171,0.20991197777608647,12815.062792456287,0.4999991222494609,0.13301098432055403,27629.190415570334,0.1,0.034504768916821194,2,0,0.024457817084568928,0.37301660437608414,0.0021980214204125725,3.792508004913543,-2.651757117917441,-0.6992093660664251,0.37301660437608414,0.15000000000000002,False,18,1,False
83,166.20092102767512,201.26165675377226,370.95344266423723,27622.746150447503,40506.254479273244,0.21095391956497617,12883.508328825741,0.49999920251939783,0.13271001160672943,27626.098580731683,0.1,0.03426184313934211,2,0,0.021865951863745126,0.35547554231227013,0.0020946597209580975,3.352430284179718,-3.3621076745439495,-1.0028866790787268,0.35547554231227013,0.15000000000000002,False,18,1,False
84,166.19080613190658,201.42388894807013,370.963679562198,27619.38404277296,40571.58303896449,0.21200380235353602,12952.198996191531,0.4999992759904688,0.132493663487699,27622.16812249728,0.1,0.033905609557134106,2,0,0.019519562138792038,0.32464638050234434,0.001912997142840632,2.7840797243225097,-4.265795431492734,-1.532210228832722,0.32464638050234434,0.15000000000000002,False,17,1,False
85,166.17797160677304,201.572564797376,370.9380538773146,27615.118247341466,40631.498878992345,0.21299208823150875,13016.380631650878,0.49999933882908837,0.13224163908584066,27618.07565476078,0.1,0.033237619611110235,2,0,0.018843762043668957,0.32177578894669795,0.0018960820198821787,2.957407419315132,-2.9960729349477333,-1.013074125458695,0.32177578894669795,0.15000000000000002,False,18,1,False
86,166.16895671095284,201.72082393389294,370.9361710148282,27612.12217440652,40691.290808568636,0.21395011394806898,13079.168634162117,0.4999993830878708,0.13199782501935678,27614.841837554595,0.1,0.03276051923653269,2,0,0.016982434969822758,0.30186200254745776,0.0017787389081988189,2.7196631480765063,-1.9845579288703448,-0.7297072544715444,0.30186200254745776,0.15000000000000002,False,18,1,False
87,166.16298509739661,201.84285187008504,370.97573242268504,27610.13761647765,40740.536851049095,0.2147281282397198,13130.399234571447,0.4999994165592759,0.1317912033101455,27612.605812903705,0.1,0.0324804970100336,2,0,0.015250893525696264,0.2856948958626542,0.0016834733184572274,2.468196426056238,-1.7923828892271558,-0.7261913477814574,0.2856948958626542,0.15000000000000002,False,18,1,False
88,166.15759156171114,201.94146686581416,371.0157545215681,27608.34523358842,40780.35603991672,0.2153610615547039,13172.010806328297,0.49999944849851596,0.13161034131185062,27610.595553120078,0.1,0.03230088237161175,2,0,0.014741377528497262,0.27164550235781865,0.0016006864733003321,2.2503195316567144,-1.5256647684400377,-0.677976948152258,0.27164550235781865,0.15000000000000002,False,18,1,False
89,166.1530004809422,202.02279279809463,371.04325638224117,27606.81956881998,40813.208809941876,0.21588410810111547,13206.389241121895,0.4999994770159768,0.1314442060718623,27608.84140563696,0.1,0.03192668310640381,2,0,0.01420084176639988,0.26041132708667386,0.0015344884606731262,2.0218368169771566,-1.4074707240288262,-0.6961346792235846,0.26041132708667386,0.15000000000000002,False,18,1,False
90,166.14876496109127,202.0985256851083,371.0677793906527,27605.412098095952,40843.81408409438,0.21637091754751084,13238.40198599843,0.4999994988689713,0.13129696622052678,27607.265508474888,0.1,0.03168626615218775,2,0,0.013606941638317518,0.24963379988374787,0.0014709812725930307,1.853410378935223,-1.2804107860247314,-0.6908404099691738,0.24963379988374787,0.15000000000000002,False,18,1,False
91,166.14491171056045,202.16821993009248,371.0849188632222,27604.131687309928,40871.98914970224,0.21681860641202125,13267.857462392312,0.4999995215117795,0.13117346738987012,27605.874295882088,0.1,0.03143123991498798,2,0,0.01300847557568124,0.2410119558912289,0.0014201765696476752,1.742608572159952,-1.36952447575095,-0.7859048197229015,0.2410119558912289,0.15000000000000002,False,18,1,False
92,166.14079018360957,202.23440750019904,371.0957346710296,27602.762162834177,40898.75557695656,0.21724717498153712,13295.993414122382,0.49999954135806945,0.13106103786905537,27604.396526207653,0.1,0.031054129046793333,2,0,0.01250228265510377,0.23321045429719775,0.0013742057806428662,1.634363373475935,-1.4075470157913514,-0.8612203617839315,0.23321045429719775,0.15000000000000002,False,18,1,False
93,166.13655412286118,202.29859225233852,371.10702163987213,27601.354615818385,40924.72042727792,0.21766454902353888,13323.365811459535,0.4999995565332251,0.1309590794508219,27602.914230427356,0.1,0.030790728490242267,2,0,0.011962092443899125,0.22588925940654062,0.0013310652260297665,1.5596146089701506,-1.3207058436528314,-0.8468155120225014,0.22588925940654062,0.15000000000000002,False,18,1,False
94,166.13257931536106,202.35889585261057,371.1148015791097,27600.033909974733,40949.12273068769,0.21805666706999677,13349.088820712957,0.4999995784088278,0.13087547252943316,27601.518167968927,0.1,0.030569188033665134,2,0,0.011460118799407558,0.22071449395782772,0.0013005726281978104,1.484257994194195,-1.5118499894051638,-1.01858975684746,0.22071449395782772,0.15000000000000002,False,18,1,False
95,166.128029122076,202.41676291389885,371.1182189582568,27598.522059985327,40972.545908541535,0.21843835735363348,13374.023848556208,0.4999996021995161,0.1308147388843106,27599.866912063702,0.1,0.03042075659933259,2,0,0.012310505975029093,0.21556861363109478,0.001270250237579416,1.34485207837497,-1.8152145621570526,-1.3497503490126865,0.21556861363109478,0.15000000000000002,False,18,1,False
96,166.12256573212193,202.47377069042054,371.12638375059737,27596.70684542317,40995.627817597,0.21882159595895068,13398.92097217383,0.49999961836800116,0.13076088936738658,27598.00687050725,0.1,0.03020590427475806,2,0,0.013032093700621434,0.209767501467928,0.001236066856337758,1.300025084081426,-1.7753374895874003,-1.3656178725519141,0.209767501467928,0.15000000000000002,False,18,1,False
97,166.1172221894334,202.5291629247374,371.13346862240087,27594.931507933583,41018.06183499482,0.21919425484843041,13423.130327061237,0.4999996341336443,0.13071727288776702,27596.16772908125,0.1,0.029945818329863986,2,0,0.012568842587447449,0.20558389479902453,0.0012114147176261003,1.2362211476684024,-1.959532007749658,-1.585098274241198,0.20558389479902453,0.15000000000000002,False,18,1,False
98,166.11132404482794,202.5834724578897,371.1356471235258,27592.971975925833,41040.06331309656,0.21956449160094077,13447.091337170725,0.4999996485871197,0.13068801582183595,27594.09447658028,0.1,0.029729490546073607,2,0,0.012179959079866534,0.203863686707548,0.0012012782942383085,1.1225006544482312,-2.583698713027843,-2.301734705266491,0.203863686707548,0.15000000000000002,False,18,1,False
99,166.1035468531988,202.6458148946396,371.13102571977043,27590.388277212805,41065.326294312545,0.21999691598239401,13474.93801709974,0.49999966223572995,0.1306665055467536,27591.473965924244,0.1,0.029484873252704616,2,0,0.01177955257761175,0.20125849757427125,0.0011859270700515293,1.0856887114387064,-2.899437329873763,-2.6705972893754764,0.20125849757427125,0.15000000000000002,False,18,1,False
100,166.0948188231136,202.71652585791176,371.1073695860216,27587.48883988293,41093.98985590141,0.22048675144887736,13506.50101601848,0.49999967644077287,0.13066132031295877,27588.535879808685,0.1,0.02926061740894313,2,0,0.01137681754276103,0.1982963686633124,0.0011684725580541316,1.0470399257537792,-3.250650200250675,-3.104609595389101,0.1982963686633124,0.15000000000000002,False,18,1,False
101,166.08503300924704,202.790824120773,371.0664975267874,27584.23818968268,41124.11834758229,0.22100601388616586,13539.88015789961,0.49999969233932884,0.13065543942882213,27585.204086766946,0.1,0.02911598244443534,2,0,0.010953626671826349,0.19279672195954003,0.0011360655790677342,0.965897084264725,-3.0330131096052355,-3.140099663841591,0.19279672195954003,0.15000000000000002,False,18,1,False
102,166.07590185386042,202.86397469535774,371.0381968516902,27581.205176573076,41153.79222919875,0.22151361173320155,13572.587052625673,0.4999997025448929,0.13064809519642773,27582.18647828564,0.1,0.028999620872870707,2,0,0.010555516995545794,0.1874084597961655,0.001104314939779959,0.981301712563436,-2.7222826332072145,-2.774154572802942,0.1874084597961655,0.15000000000000002,False,18,1,False
103,166.06770575262328,202.93369418186643,371.0127523538484,27578.48289393987,41182.08423429929,0.22199372395834277,13603.601340359422,0.49999971088435297,0.13063305248544782,27579.503054388428,0.1,0.028938642319377456,2,0,0.01016898600699556,0.18160925431677813,0.0010701427937802174,1.0201604485591815,-2.1823884032964997,-2.1392599628605335,0.18160925431677813,0.15000000000000002,False,18,1,False
104,166.06113484357672,202.99779576575014,370.99650621839316,27576.300505536572,41208.1050857532,0.22242808925138532,13631.80458021663,0.49999972328667097,0.13063949861868246,27577.05762002768,0.1,0.028810849121161552,2,0,0.009362651896857187,0.16976437490493784,0.001000346172493141,0.7571144911089505,-2.4945972341265588,-3.2948745050074346,0.16976437490493784,0.15000000000000002,False,17,1,False
105,166.05362359280946,203.05594806343962,370.97458237693803,27573.805908302445,41231.71804394229,0.22283358634416728,13657.912135639843,0.49999972816178956,0.13064048561107097,27574.658632408155,0.1,0.028656986282480246,2,0,0.009028087618640681,0.16541485278494697,0.0009747163676100872,0.8527241057090578,-2.2070547950061155,-2.5882401825276227,0.16541485278494697,0.15000000000000002,False,17,1,False
106,166.0469778511715,203.11214168566377,370.9559044826621,27571.59885350744,41254.54210013716,0.2232209481566952,13682.943246629718,0.4999997377512697,0.13063575073998845,27572.53237944648,0.1,0.028452610086463402,2,0,0.009140485344599415,0.16950870014993635,0.0009988395945511428,0.9335259390391002,-1.9908021729315806,-2.1325622456519624,0.16950870014993635,0.15000000000000002,False,18,1,False
107,166.04098304736246,203.1685658850304,370.93576861105987,27569.608051334508,41277.46616377994,0.22360493268747672,13707.858112445436,0.49999974720169094,0.13063937698578254,27570.416388878642,0.1,0.028316412590981988,2,0,0.008817621266222476,0.16563719878715913,0.00097602655399287,0.8083375441347016,-2.072307786300371,-2.5636663808789275,0.16563719878715913,0.15000000000000002,False,18,1,False
108,166.03474257982336,203.22099783948025,370.91727833673167,27567.535743548207,41298.77396287404,0.223966711315128,13731.23821932583,0.4999997538946505,0.13063719412870217,27568.367600084766,0.1,0.028152622669872233,2,0,0.008498546677477136,0.1616714192098929,0.0009526579737280694,0.8318565365589166,-1.7489434394774435,-2.1024580112241193,0.1616714192098929,0.15000000000000002,False,18,1,False
109,166.02947569666276,203.2709443433088,370.9009185271131,27565.78680010873,41319.07681422054,0.22430636783245955,13753.290014111812,0.4999997596361171,0.13064130541480645,27566.575101503775,0.1,0.02804306634708683,2,0,0.008198491266396078,0.15801871998383016,0.000931134237124871,0.7883013950449822,-1.7270141809858615,-2.190804420544396,0.15801871998383016,0.15000000000000002,False,18,1,False
110,166.02427468875672,203.31734747445833,370.88277746728977,27564.059785927744,41337.943784049625,0.22462421748635486,13773.88399812188,0.49999976605766916,0.13065043336857282,27564.76071589392,0.1,0.02799456753356351,2,0,0.00790379483556971,0.15465607613197624,0.0009113196682051946,0.7009299661767727,-1.7467731878350605,-2.4920794831512865,0.15465607613197624,0.15000000000000002,False,18,1,False
111,166.01901400966068,203.36129419749514,370.86885143701807,27562.31301273991,41355.81597768017,0.2249277313841986,13793.50296494026,0.49999977028329456,0.13066133179020017,27563.0398219296,0.1,0.027870228073063875,2,0,0.007613719217719474,0.15142987710965916,0.0008923091081540461,0.7268091896912665,-1.6644779627604294,-2.290116837223075,0.15142987710965916,0.15000000000000002,False,18,1,False
112,166.01400102032704,203.4023693198574,370.85339228204344,27560.64853477715,41372.52384493167,0.22521213915537436,13811.875310154519,0.49999977349954494,0.13067333790662808,27561.353585640212,0.1,0.027796906374029845,2,0,0.007349848131657495,0.14839904598756828,0.0008744497644951987,0.7050508630636614,nan,nan,0.14839904598756828,0.15000000000000002,True,18,1,False
