run,nelx,nely,massModel,cutoff,move0,rminEl,status,outer,inner,w1_native,w2_native,w3_native,w1_eq4,w2_eq4,w3_eq4,gap_eq4_pct,w1_lin,w2_lin,w3_lin,Mnd,greyFrac,coalIter,wall_s,iter99
A1_240_d004,240,30,eq4b,0.1,0.04,1.8,CONVERGED,68,1343,157.868685335605,159.622105072436,366.39241926353,157.902880499942,159.65211813995,366.489310397802,1.10779336923358,13.7146755365912,18.1679620321416,19.5071030350833,0.40679480245598,0.442083333333333,16,262.268725166667,51
A2_240_d010,240,30,eq4b,0.1,0.1,1.8,CONVERGED,84,1538,163.952982929634,167.678933420456,174.951863618347,164.237011239989,167.852433620343,175.098872630573,2.20134447957721,24.6663418195102,24.7740150268067,30.6048285826739,0.148181608283345,0.162361111111111,8,343.392408,66
A3_240_d020,240,30,eq4b,0.1,0.2,1.8,CONVERGED,332,5080,167.369696847627,197.375584716965,366.832581070216,167.436901100272,197.473392150201,366.892868531972,17.9389912573337,13.1646305387511,16.1418776088986,18.4788742302142,0.123319645691632,0.141805555555556,7,1301.519500125,81
A4_240_d010_floor001,240,30,eq4b,0.1,0.1,1.8,CONVERGED,225,3542,167.702608481441,186.621368872995,305.370703559417,167.777625651342,186.723427358696,305.436560368651,11.2922099319283,12.673691671779,15.2360494410355,17.9166579857055,0.121450089515226,0.138055555555556,8,1117.43234275,69
A5_240_d010_binary,240,30,eq4b,0.1,0.1,1.8,CONVERGED,201,2990,167.724570299716,185.234949468716,302.701717706312,167.785428340274,185.316642632298,302.757567250794,10.4485916717812,13.1145993070413,15.8238801583823,18.6075299918491,0.120845496347676,0.138611111111111,8,950.447940083333,122
B1_240_d010_r13,240,30,eq4b,0.1,0.1,1.3,CONVERGED,324,5549,171.271170615106,179.914685044651,302.417133527348,171.479177839708,180.118686883437,302.859618608918,5.03822630395664,13.5311315014702,16.4812301065597,19.5402816979042,0.0786539061512644,0.0811111111111111,8,1518.73240508333,75
B3_240_d006_r13,240,30,eq4b,0.1,0.06,1.3,CONVERGED,230,3938,170.979720570837,196.565783401072,388.15789597464,171.206837271232,196.799259206529,388.860776932561,14.9482475952484,14.2565842015102,18.0850007424862,21.2188496562258,0.0884855754482053,0.0936111111111111,12,1247.83097016667,46
B5_240_d010_r13_binary,240,30,eq4b,0.1,0.1,1.3,CONVERGED,154,2587,170.881821900814,178.769291627663,215.827253308344,171.073537377455,178.958504408041,216.291428868453,4.60910971472417,16.4300152548591,21.5506809769838,23.9012055611759,0.082925716128509,0.0848611111111111,8,751.094718208333,69
C1_800_d010_R0433,800,100,eq4b,0.1,0.1,4.33333333333333,CONVERGED,69,1488,156.132260208644,157.132366022881,407.074373164373,156.170946708908,157.167760791316,407.199650189324,0.638283946799603,17.617042307189,21.7962279938982,23.8358290507664,0.448000963139601,0.477775,11,1493.014746,42
C2_800_d006_R0433,800,100,eq4b,0.1,0.06,4.33333333333333,CONVERGED,355,7236,159.48478392248,168.100490959675,168.554047856602,168.187784024603,168.643664439804,217.380653435743,0.27105441566136,16.5791508335116,21.5475408804585,23.6278488448024,0.168093617550938,0.1851125,20,10820.005031,270
D1_240_d010_r13_eq4,240,30,eq4,0.1,0.1,1.3,CONVERGED,254,4223,170.737695173187,178.886741092712,299.942485993299,170.737695173187,178.886741092712,299.942485993299,4.77284521807512,13.619375389049,16.5826886195044,19.3876124559069,0.0846163801766285,0.103055555555556,8,1020.15741116667,50
D2_240_d010_r13_eq4a,240,30,eq4a,0.1,0.1,1.3,CONVERGED,296,4562,171.697793593153,178.476451492552,296.485640598637,171.921041647296,178.704938142846,296.886912415047,3.94593729222986,14.6202841721947,18.5971432615574,21.5452522011238,0.0748693577124466,0.0693055555555556,8,1324.67781358333,62
E1_800_d010_R0433_eq4_eps0246,800,100,eq4,0.1,0.1,4.33333333333333,CAP_HIT,400,6829,167.732343237876,221.89162735277,458.60789222583,167.732343237876,221.89162735277,458.60789222583,32.2891119681588,16.6767708684109,23.0870310148202,23.5939665439261,0.118983569782211,0.1339875,11,10885.822114125,212
E2_800_d010_R0433_eq4,800,100,eq4,0.1,0.1,4.33333333333333,CONVERGED,105,2034,120.023842856329,165.692453248534,176.360004803843,120.023842856329,165.692453248534,176.360004803843,38.0496152309263,15.5861396130127,21.4632303279101,24.7907834929696,0.286207008204136,0.2991375,11,2037.35500958333,82
F1_240_d010_r13_eq4_cut02,240,30,eq4,0.2,0.1,1.3,CONVERGED,337,4881,171.147951885976,178.06918089191,296.026702278394,169.816603516603,176.840181152137,293.064161338744,4.13597816119735,16.9199762885844,19.318629793093,21.9939568554136,0.0940303034387332,0.115833333333333,9,1215.92092445833,34
F2_240_d010_r13_eq4_cut03,240,30,eq4,0.3,0.1,1.3,CONVERGED,150,2038,171.410160787382,193.185109444596,572.329787981633,159.640919707151,175.63758890755,554.801349380187,10.0204065660259,15.0666685833134,18.9355847977267,18.935584994542,0.256627310700537,0.3025,47,364.41637825,50
G1_800_d010_R0433_eq4cut02_eps0246,800,100,eq4,0.2,0.1,4.33333333333333,CAP_HIT,400,7250,168.708463257015,182.032953452926,260.452812710394,168.330284704186,181.616168417023,259.905890781615,7.89274712876873,15.3949439496223,22.9594529880929,24.2941678425005,0.0960361677802148,0.1022625,15,8911.96781908333,79
H1_800_ped01_lin,800,100,eq2,0.1,0.1,4.33333333333333,CONVERGED,291,5367,167.767408034325,215.669693022991,407.394434917088,168.041967639127,215.771480593755,404.619479256918,28.4033290166704,14.3492374763899,17.7940510761883,21.6679375910138,0.105077573620087,0.1159,11,6380.651215875,96
N6_240_innerAsy_mv004,240,30,eq4b,0.1,0.04,1.8,CONVERGED,29,895,131.217953291079,319.672559473188,561.205121976483,131.218136377575,319.67370696909,561.208410691821,143.620063349507,23.7531957957269,23.7531959257124,23.904200200706,0.70287980145573,0.821944444444444,NaN,62.6057292083333,22
P1_240_ped01_lin,240,30,eq2,0.1,0.1,1.3,CONVERGED,191,3625,170.449571854303,178.690371683922,302.464422955258,170.959171233514,178.898859565541,299.675121229695,4.64420146327361,12.010988351893,14.249461772424,16.733886787355,0.0809913495597221,0.0927777777777778,8,893.345519333333,41
P2_240_ped01_eq4,240,30,eq4,0.1,0.1,1.3,CONVERGED,314,5010,170.747687516953,178.336996250321,298.986870647677,170.744925343919,177.999845866395,294.140064824881,4.24898163612327,14.412507329194,17.2791447742808,20.7020033464687,0.0853098097543651,0.105,8,1109.93824945833,29
P3_240_ped03_lin,240,30,eq2,0.1,0.1,1.3,CONVERGED,271,5924,168.768631266444,168.816810233372,360.718549692315,157.30559963627,169.33266784852,221.88866711513,7.64567074538979,18.3500866664377,18.3500868340726,18.4642221298986,0.112865267338878,0.135,23,1084.73002070833,33
