mesh,classification_intended_campaign,classification_legacy_endpoint,raw_json_match,config_hash_match,density_shape_match,density_finite,density_bounds_ok,density_grayness_match,eigen_finite,ordered_positive_frequencies,rmin_correct,one_thread,cap,error_empty,inner_failures,full_trajectory_retained,hist_field_in_archive,telemetry_empty,status,reason
160x20,INVALID,VALID_WITH_CAVEAT,True,True,True,True,True,True,True,True,True,True,400.0,True,0.0,False,False,True,NATIVE_CONVERGED,Wrong controller; no iteration/density history; no original output digest seal
240x30,INVALID,VALID_WITH_CAVEAT,True,True,True,True,True,True,True,True,True,True,400.0,True,0.0,False,False,True,NATIVE_CONVERGED,Wrong controller; no iteration/density history; no original output digest seal
320x40,INVALID,VALID_WITH_CAVEAT,True,True,True,True,True,True,True,True,True,True,400.0,True,0.0,False,False,True,NATIVE_CONVERGED,Wrong controller; no iteration/density history; no original output digest seal
400x50,INVALID,VALID_WITH_CAVEAT,True,True,True,True,True,True,True,True,True,True,400.0,True,0.0,False,False,True,NATIVE_CONVERGED,Wrong controller; no iteration/density history; no original output digest seal
480x60,INVALID,VALID_WITH_CAVEAT,True,True,True,True,True,True,True,True,True,True,400.0,True,0.0,False,False,True,NATIVE_CONVERGED,Wrong controller; no iteration/density history; no original output digest seal
560x70,INVALID,VALID_WITH_CAVEAT,True,True,True,True,True,True,True,True,True,True,400.0,True,0.0,False,False,True,NATIVE_CONVERGED,Wrong controller; no iteration/density history; no original output digest seal
640x80,INVALID,VALID_WITH_CAVEAT,True,True,True,True,True,True,True,True,True,True,400.0,True,0.0,False,False,True,NATIVE_CONVERGED,Wrong controller; no iteration/density history; no original output digest seal
720x90,INVALID,VALID_WITH_CAVEAT,True,True,True,True,True,True,True,True,True,True,400.0,True,0.0,False,False,True,NATIVE_CONVERGED,Wrong controller; no iteration/density history; no original output digest seal
800x100,INVALID,VALID_WITH_CAVEAT,True,True,True,True,True,True,True,True,True,True,400.0,True,0.0,False,False,True,NATIVE_CONVERGED,Wrong controller; no iteration/density history; no original output digest seal
