outer,omega1,omega2,gap12,volume,Mnd_pct,gray_frac,mid_frac,move,stage,beta,l2,rms,maxAbs,tolOuter,epsRMS,stopRaw,settledMove,stopAdmitted,moveDescent,nActive_epsRMS,nActive_1e4,nActive_1e3,nActive_1e2,nInner,innerConv,multN,degen
1,68.3985922143369,253.385066870241,2.70453628747537,0.499978097703904,99.4592349748065,1,1,0.04,1,5501.1067288552,2.07993273966924,0.0367683636158008,0.0399875520422365,0.05,0.000883883476483184,0,0,0,0,3184,3200,3184,3060,22,1,2,1
2,74.5163028428069,270.84838001057,2.63475333152167,0.499969906277372,97.9960173006832,1,1,0.04,1,6449.03674842529,1.94558175338925,0.0343933512793589,0.0399863663004209,0.05,0.000883883476483184,0,1,0,0,3172,3200,3164,2912,18,1,2,1
3,80.5812946577507,286.206459977108,2.55177291693687,0.499974843013813,95.7916358025895,1,0.33375,0.04,1,7448.34760794283,1.86357604674773,0.0329436814978034,0.0399851056386527,0.05,0.000883883476483184,0,1,0,0,3144,3192,3132,2704,18,1,2,1
4,86.5186241902007,298.966206998194,2.4555127268431,0.499961794537465,93.0591025565724,1,0.30875,0.04,1,8486.17775554629,1.82070635072959,0.0321858451787577,0.0399837365649781,0.05,0.000883883476483184,0,1,0,0,3160,3192,3156,2444,16,1,2,1
5,92.3294805473307,307.625812653206,2.33182652853232,0.499969089088074,89.9374703205674,1,0.2975,0.04,1,9546.79975628659,1.70293621399498,0.0301039436211,0.0399823190745481,0.05,0.000883883476483184,0,1,0,0,3036,3188,3036,2204,15,1,2,1
6,97.8441417153147,309.317579954979,2.16132958532114,0.499963196293195,86.6400844162349,1,0.27,0.04,1,10600.3145572634,1.62386330720186,0.0287061189060612,0.0399811630004157,0.05,0.000883883476483184,0,1,0,0,3128,3196,3120,2164,15,1,2,1
7,103.087428055453,301.287622709658,1.92264176527508,0.499965507292198,83.2636837610134,1,0.23625,0.04,1,11672.0650552658,1.6016258341405,0.0283130122061076,0.039980515727189,0.05,0.000883883476483184,0,1,0,0,3144,3192,3136,2168,16,1,2,1
8,108.227942501584,281.982972035587,1.6054544281063,0.499967789425659,79.7568639947417,1,0.24625,0.04,1,12782.1596667368,1.54014210699631,0.0272261231962007,0.0399810212158638,0.05,0.000883883476483184,0,1,0,0,3116,3200,3112,2096,16,1,2,1
9,113.294195751392,252.271149055987,1.22669085016111,0.499963817354413,76.0892772812986,1,0.2525,0.04,1,13970.299903103,1.54829426817434,0.0273702344074585,0.0399821840324617,0.05,0.000883883476483184,0,1,0,0,3104,3184,3076,2168,16,1,2,1
10,118.542880584516,216.670803048307,0.827784190665333,0.499963019940599,71.9384800398426,1,0.255,0.04,1,15295.951823096,1.56922807372219,0.0277402953039316,0.0399833237292409,0.05,0.000883883476483184,0,1,0,0,3100,3188,3096,2168,17,1,2,1
11,124.0947757997,182.525321542077,0.470854194834826,0.499965473107412,67.3504475701324,0.67875,0.25375,0.04,1,16778.7426306874,1.56359147292742,0.0276406533378109,0.039984066468271,0.05,0.000883883476483184,0,1,0,0,3144,3196,3136,2172,17,1,2,1
12,131.365153420769,161.141589904918,0.226669217130764,0.499971841937938,62.1661766913867,0.6625,0.26375,0.04,1,18969.1961784903,1.59865620988583,0.0282605161699063,0.0399841055906635,0.05,0.000883883476483184,0,1,0,0,3132,3196,3124,2096,19,1,2,1
13,137.215356447628,153.556853767656,0.119093793457911,0.499971826797437,58.6791378189825,0.65,0.25875,0.04,1,19889.8994566366,1.23771980251937,0.021880001639258,0.0399597387698568,0.05,0.000883883476483184,0,1,0,0,3100,3188,3084,2256,18,1,2,1
14,141.223013668817,151.903447111456,0.0756281371227902,0.499976765249367,57.385341749802,0.64,0.26875,0.04,1,20515.792277581,1.02683864003518,0.0181521141388311,0.0399576750455731,0.05,0.000883883476483184,0,1,0,0,2212,2284,2200,1400,18,1,2,1
15,143.391724503742,149.447436893817,0.0422319517464001,0.49998021008312,55.9625642168956,0.60125,0.275,0.04,1,21105.2919625988,0.949333650056788,0.0167820065390933,0.0399574021160123,0.05,0.000883883476483184,0,1,0,0,2136,2220,2132,1056,17,1,2,1
16,145.542647396039,147.427076269338,0.012947606127927,0.499973784398569,54.3752270506947,0.58625,0.2775,0.04,1,21834.6854673201,0.998307831218636,0.0176477559291583,0.0399794399138221,0.05,0.000883883476483184,0,1,0,0,1984,2184,1958,984,39,1,2,1
17,147.581309761566,148.541178066841,0.00650399638562496,0.49997179515695,52.9795677450123,0.5775,0.275,0.04,1,22180.6284434857,0.811907794279735,0.0143526376758353,0.0399541026954677,0.05,0.000883883476483184,0,1,0,0,1966,2168,1950,716,25,1,2,1
18,148.709602689629,149.60045772561,0.00599056832825866,0.499969280879842,52.0087790389033,0.5725,0.2575,0.04,1,22425.9804925207,0.677101405970058,0.0119695748928093,0.0399491142588434,0.05,0.000883883476483184,0,1,0,0,1936,2184,1912,622,22,1,2,1
19,149.627947341593,150.41503378977,0.00526029035458321,0.499970408134788,51.0524076626408,0.558125,0.25625,0.04,1,22660.2698960408,0.675502698787547,0.0119413134755622,0.0399614066518279,0.05,0.000883883476483184,0,1,0,0,1774,2012,1762,574,21,1,2,1
20,150.566349474766,151.191276252011,0.00415050759631841,0.499970781411058,50.0114310487303,0.544375,0.26,0.04,1,22934.2766574704,0.672977886655676,0.0118966806810705,0.0399582857033338,0.05,0.000883883476483184,0,1,0,0,1740,1974,1700,556,21,1,2,1
21,151.528549692968,152.192831933767,0.00438387513207749,0.499970580268657,48.9989094985116,0.514375,0.25875,0.04,1,23221.7353067391,0.654928033090494,0.0115776013346864,0.0399551572063811,0.05,0.000883883476483184,0,1,0,0,1668,1946,1650,546,21,1,2,1
22,152.714679430978,153.349418960772,0.00415637535408534,0.499969626482961,48.0082408156123,0.509375,0.258125,0.04,1,23640.7487632973,0.628643090672199,0.0111129448090095,0.039972820493777,0.05,0.000883883476483184,0,1,0,0,1640,1910,1614,522,20,1,2,1
23,153.543372809369,154.642449220939,0.00715808433448206,0.499966349037535,47.1952876278428,0.5025,0.26125,0.04,1,23747.5044447579,0.502370337898545,0.00888073681487595,0.0399352304570033,0.05,0.000883883476483184,0,1,0,0,1698,1986,1666,440,18,1,2,1
24,154.065715518349,155.086595172828,0.00662626107985555,0.49996446880603,46.6234324252228,0.49875,0.259375,0.04,1,23848.8662471316,0.449800617893175,0.00795142667735407,0.039934322941753,0.05,0.000883883476483184,0,1,0,0,1600,1888,1568,438,19,1,2,1
25,154.507560793355,155.639566250749,0.00732653762432132,0.499985127324745,46.1627659265159,0.485625,0.2625,0.04,1,23966.0817911579,0.38877976060338,0.00687272012776831,0.039968414253549,0.05,0.000883883476483184,0,1,0,0,1482,1806,1456,278,15,1,2,1
26,154.991643883122,156.291815012502,0.0083886530706186,0.499980449164173,45.7400486644996,0.48125,0.261875,0.04,1,24138.0921522606,0.40635390915387,0.0071833901181091,0.0399695795202899,0.05,0.000883883476483184,0,1,0,0,1534,1756,1506,320,18,1,2,1
27,155.480391099215,156.633777002864,0.00741820814505634,0.499986029393118,45.470467226059,0.48125,0.25875,0.04,1,24255.4413968635,0.409544579864045,0.00723979374050155,0.0399058183770325,0.05,0.000883883476483184,0,1,0,0,1528,1724,1488,326,19,1,2,1
28,155.515547623263,156.793012959997,0.00821438985527618,0.499980578222771,45.0520111585218,0.47875,0.263125,0.04,1,24310.8532342711,0.423690655999273,0.00748986339956156,0.0399696752032211,0.05,0.000883883476483184,0,1,0,0,1468,1702,1428,348,20,1,2,1
29,155.975671138105,157.256545472196,0.00821201360920268,0.499981191522642,44.7977761628136,0.474375,0.26,0.04,1,24428.0364906716,0.435420141279224,0.00769721336409359,0.0399724636301037,0.05,0.000883883476483184,0,1,0,0,1478,1704,1452,302,19,1,2,1
30,155.971249538435,157.387245527727,0.0090785705281069,0.499979394166398,44.3042039743871,0.469375,0.255625,0.04,1,24466.0404530256,0.466816335443215,0.00825222490901378,0.0399695525105511,0.05,0.000883883476483184,0,1,0,0,1520,1708,1490,404,22,1,2,1
31,156.528446682683,157.997913174723,0.00938785583823282,0.499985186886079,43.9581346517135,0.465625,0.240625,0.04,1,24620.465260079,0.49219564870444,0.00870087202173554,0.0399567077219243,0.05,0.000883883476483184,0,1,0,0,1486,1682,1450,406,25,1,2,1
32,156.551517918549,157.899651720475,0.00861143871263996,0.499957057642552,43.4914113483297,0.464375,0.231875,0.04,1,24647.5888130499,0.436390848048966,0.00771437319757929,0.0399704348171983,0.05,0.000883883476483184,0,1,0,0,1502,1682,1472,298,18,1,2,1
33,157.067162678577,158.135096151902,0.00679921541277786,0.499974652953161,43.1875017896413,0.45875,0.215,0.04,1,24795.997786777,0.469780462674999,0.00830462377066114,0.0399560114001487,0.05,0.000883883476483184,0,1,0,0,1444,1662,1426,366,21,1,2,1
34,157.049958676465,158.423266123503,0.00874439865257859,0.499981682907425,42.838517535263,0.458125,0.215,0.04,1,24787.6130850234,0.34819836757864,0.00615533567282357,0.0399665340299024,0.05,0.000883883476483184,0,1,0,0,1350,1668,1306,148,8,1,2,1
35,157.519999034433,158.730422146087,0.00768425037502663,0.499987281644682,42.5264640693489,0.45375,0.20625,0.04,1,24925.2226739156,0.467485396198552,0.00826405234394189,0.0399650730220381,0.05,0.000883883476483184,0,1,0,0,1506,1698,1490,402,21,1,2,1
36,157.444353303578,159.343959574818,0.0120652550020418,0.499989564053158,41.8382552320491,0.44375,0.20375,0.04,1,24948.7550393345,0.588860488461979,0.0104096811141072,0.0399673237060584,0.05,0.000883883476483184,0,1,0,0,1518,1662,1500,620,29,1,2,1
37,158.089145300853,159.328449208154,0.00783927261382881,0.499970293372697,41.4446740854503,0.441875,0.195625,0.04,1,25128.3726179343,0.517961091453555,0.00915634500393985,0.0399745786860575,0.05,0.000883883476483184,0,1,0,0,1478,1656,1444,514,23,1,2,1
38,158.039124770994,160.048978100516,0.0127174415350235,0.499984318648752,40.9099334911155,0.44,0.1875,0.04,1,25109.13298453,0.471265852669329,0.00833088200410358,0.0399668868635514,0.05,0.000883883476483184,0,1,0,0,1468,1654,1438,474,19,1,2,1
39,158.482953085807,160.26183613789,0.0112244441275649,0.499983282442015,40.5841942048769,0.435,0.18125,0.04,1,25225.4938139397,0.455777007705015,0.00805707532142824,0.039976340576101,0.05,0.000883883476483184,0,1,0,0,1448,1640,1426,466,19,1,2,1
40,158.410346119971,160.261856668795,0.0116880657998328,0.499967977834451,39.9919491708222,0.43125,0.173125,0.04,1,25231.5492305241,0.494265210140242,0.00873745704486897,0.039967994175379,0.05,0.000883883476483184,0,1,0,0,1452,1628,1432,562,20,1,2,1
41,158.899272277834,160.552004725317,0.0104011328924955,0.499986978280067,39.4752665063515,0.4275,0.165,0.04,1,25389.8080389562,0.569651021021369,0.0100701024968513,0.0399757733113938,0.05,0.000883883476483184,0,1,0,0,1468,1632,1444,632,23,1,2,1
42,158.931294226094,160.882752869606,0.0122786305429284,0.499962565584532,38.6789344504871,0.423125,0.155625,0.04,1,25417.2461541074,0.597975398345972,0.0105708114788291,0.0399682021813936,0.05,0.000883883476483184,0,1,0,0,1436,1622,1418,660,22,1,2,1
43,159.546523700173,160.854094293236,0.00819554423837315,0.499991537262349,37.6267671746307,0.42,0.1425,0.04,1,25670.4337847644,0.928068280560974,0.0164060843647201,0.0399771939429577,0.05,0.000883883476483184,0,1,0,0,1514,1652,1510,924,38,1,2,1
44,159.820661570166,161.165908976686,0.00841723087180313,0.499972145539405,36.4988342639781,0.415,0.133125,0.04,1,25767.403571524,0.819866039512022,0.0144933209050877,0.0399653597628213,0.05,0.000883883476483184,0,1,0,0,1494,1658,1486,876,24,1,2,1
45,160.569035106643,161.985616725954,0.00882225902628119,0.499972164793521,35.3031184109894,0.40625,0.126875,0.04,1,26044.5700878101,0.882529462187472,0.0156010641827419,0.0399802038991842,0.05,0.000883883476483184,0,1,0,0,1460,1622,1454,900,25,1,2,1
46,160.968612735372,162.550350160231,0.00982637172539055,0.499986416693494,33.8380274535208,0.39125,0.12875,0.04,1,26201.556258378,0.895514326228602,0.0158306063181487,0.0399648157886354,0.05,0.000883883476483184,0,1,0,0,1488,1626,1478,894,25,1,2,1
47,161.955925743056,163.097961795571,0.00705152372335193,0.499985377258065,32.1679192839519,0.370625,0.11625,0.04,1,26587.4754894883,1.09122048750937,0.0192902351621892,0.0399759330958362,0.05,0.000883883476483184,0,1,0,0,1502,1608,1500,1114,39,1,2,1
48,162.609681511404,164.330905133081,0.0105850008786632,0.499996110590955,30.0942880185939,0.340625,0.108125,0.04,1,26864.5331224962,1.1817767423107,0.020891058708411,0.039971690362188,0.05,0.000883883476483184,0,1,0,0,1478,1548,1474,1212,51,1,2,1
49,163.958999089374,165.211943424387,0.00764181497796343,0.499992975167841,28.4128052944494,0.3225,0.099375,0.04,1,27307.483048466,1.07669684541086,0.0190334910168045,0.0399793471217644,0.05,0.000883883476483184,0,1,0,0,1420,1506,1414,1118,35,1,2,1
50,164.494594792062,165.908616474915,0.00859615894759131,0.499985113308904,26.6290625982511,0.308125,0.08625,0.04,1,27458.6637108111,1.04341818363815,0.0184452018315971,0.0399780441252981,0.05,0.000883883476483184,0,1,0,0,1366,1512,1364,1042,35,1,2,1
51,165.533945859873,166.645416572581,0.00671445791335688,0.499984630084554,25.3696098339492,0.291875,0.08,0.04,1,27781.4839816851,1.00797215168605,0.01781859859261,0.0399916353598352,0.05,0.000883883476483184,0,1,0,0,1308,1430,1306,980,44,1,2,1
52,165.829677116317,167.141321717332,0.00790958906647003,0.499987650055347,23.9142675956177,0.27375,0.069375,0.04,1,27816.1397475509,0.94403137158619,0.0166882746125358,0.0399601625230501,0.05,0.000883883476483184,0,1,0,0,1250,1392,1246,942,33,1,2,1
53,166.749883881918,168.17520070443,0.00854763307374385,0.499984162209673,22.9395798478083,0.26,0.068125,0.04,1,28144.3851177062,0.846410256356067,0.0149625607983805,0.0399797608897762,0.05,0.000883883476483184,0,1,0,0,1206,1350,1198,802,28,1,2,1
54,166.886524685342,168.817417284123,0.0115700929264428,0.499985781367446,21.9246388746857,0.248125,0.06625,0.04,1,28098.3778037362,0.745435594407735,0.0131775640935884,0.0399663213178747,0.05,0.000883883476483184,0,1,0,0,1154,1296,1150,706,23,1,2,1
55,167.532114776011,169.392478142806,0.0111045178966594,0.499987927078093,21.03333393374,0.231875,0.0625,0.04,1,28378.1736926333,0.876689359218873,0.0154978247724438,0.0399809128021323,0.05,0.000883883476483184,0,1,0,0,1138,1298,1134,776,42,1,2,1
56,167.642519542416,169.518106508732,0.011188014660215,0.499990372509057,20.1664453482641,0.220625,0.06,0.04,1,28381.2322608513,0.773813860653931,0.0136792257061134,0.0399901977840259,0.05,0.000883883476483184,0,1,0,0,1096,1240,1092,694,28,1,2,1
57,168.259340150897,169.996879006393,0.0103265521779539,0.499987699863609,19.7044694370626,0.214375,0.050625,0.04,1,28618.139749664,0.719473395090758,0.0127186129137996,0.0399909152383181,0.05,0.000883883476483184,0,1,0,0,1068,1226,1060,612,28,1,2,1
58,168.128387710278,170.23859479138,0.0125511646774242,0.49999242783947,18.8766753241259,0.21125,0.041875,0.04,1,28502.3810404523,0.780578769132934,0.0137988135226036,0.0399667363917706,0.05,0.000883883476483184,0,1,0,0,1054,1192,1050,672,36,1,2,1
59,168.601817976096,170.590857565529,0.0117972606304599,0.499981561161219,18.4549073620301,0.205,0.03625,0.04,1,28741.6020241958,0.777126935900389,0.0137377931554472,0.0399798649091583,0.05,0.000883883476483184,0,1,0,0,1030,1178,1024,668,35,1,2,1
60,168.427131981232,170.463502154231,0.0120905114814041,0.499990026775428,17.7274736882441,0.205,0.03375,0.04,1,28619.9458001379,0.773476946209596,0.0136732698439067,0.0399639730441562,0.05,0.000883883476483184,0,1,0,0,992,1162,986,626,35,1,2,1
61,168.847862915531,170.682410789853,0.0108650938344382,0.499984054611606,17.4859720661728,0.20125,0.034375,0.04,1,28800.5081219805,0.639231486289357,0.011300122967579,0.0399787070253013,0.05,0.000883883476483184,0,1,0,0,932,1180,922,486,22,1,2,1
62,168.669260295204,170.868212189059,0.0130370637186998,0.499985374254867,17.0457971548127,0.1975,0.031875,0.04,1,28635.289837764,0.595212084693415,0.0105219625332724,0.0399567740515855,0.05,0.000883883476483184,0,1,0,0,928,1090,920,460,22,1,2,1
63,168.974689698079,171.142372634005,0.0128284475018084,0.499981080138703,16.5500571096313,0.193125,0.03,0.04,1,28810.2940514881,0.693086180112194,0.0122521484476003,0.0399830329087028,0.05,0.000883883476483184,0,1,0,0,964,1142,958,508,31,1,2,1
64,168.864808668752,171.198383605444,0.013819190363513,0.499978150506605,16.1765638505725,0.186875,0.029375,0.04,1,28729.4235069827,0.607826614928936,0.0107449580300479,0.0399808587463569,0.05,0.000883883476483184,0,1,0,0,914,1140,910,418,21,1,2,1
65,169.125730780375,171.431683374256,0.0136345462233411,0.499988848523207,15.8073852092928,0.18,0.02875,0.04,1,28809.3253597218,0.582370072049077,0.01029494567765,0.0399764839386071,0.05,0.000883883476483184,0,1,0,0,896,1038,892,404,23,1,2,1
66,169.030013436117,171.687417144208,0.0157214902493955,0.499990927227002,15.3598034927951,0.175,0.029375,0.04,1,28766.1713247736,0.618840435974265,0.0109396567187461,0.0399626917190165,0.05,0.000883883476483184,0,1,0,0,898,1106,884,450,28,1,2,1
67,169.234198772465,171.860554125067,0.0155190580370371,0.499989314135556,15.1297740057465,0.171875,0.029375,0.04,1,28851.1959216076,0.556431465232793,0.00983641155829187,0.0399795805693585,0.05,0.000883883476483184,0,1,0,0,872,1856,862,334,22,1,2,1
68,169.101161853803,171.922369529618,0.0166835499229365,0.499988581921217,14.8292884825285,0.165625,0.026875,0.04,1,28764.4087321094,0.582010466492311,0.0102885886894565,0.0399503611360483,0.05,0.000883883476483184,0,1,0,0,876,1080,856,366,30,1,2,1
69,169.263508496792,171.937490982286,0.0157977493745779,0.499987050452194,14.6010829651994,0.163125,0.025625,0.04,1,28888.9298010094,0.601160607751151,0.0106271185580766,0.0399814082573248,0.05,0.000883883476483184,0,1,0,0,854,1062,842,382,36,1,2,1
70,169.121100659858,171.842930420506,0.016093969055481,0.499981285761332,14.2992269841511,0.16125,0.024375,0.04,1,28819.3092117048,0.594982340354227,0.0105179011887679,0.0399548769667929,0.05,0.000883883476483184,0,1,0,0,872,1030,866,386,29,1,2,1
71,169.303096463374,171.836119791669,0.0149614707657952,0.49999391048209,14.1112823359486,0.1575,0.025,0.04,1,28925.7144798586,0.598241026174177,0.010575507159794,0.0399760219137517,0.05,0.000883883476483184,0,1,0,0,834,1048,818,360,34,1,2,1
72,169.154148745336,171.744430625439,0.0153131442492855,0.499988622609571,13.9754020507968,0.156875,0.024375,0.04,1,28829.8069202562,0.522115697679962,0.00922978875983615,0.0399607810273413,0.05,0.000883883476483184,0,1,0,0,790,1036,772,276,22,1,2,1
73,169.307522079476,171.931316773721,0.015497212776014,0.499992893075793,13.836830051763,0.156875,0.02375,0.04,1,28914.2077783356,0.546981115966674,0.00966935140702551,0.0399764391086326,0.05,0.000883883476483184,0,1,0,0,806,1000,796,306,37,1,2,1
74,169.124200130663,171.908523789748,0.0164631889282141,0.499993434045101,13.7669772299692,0.15625,0.024375,0.04,1,28855.0690373981,0.540929444861186,0.00956237196512047,0.0399717724209283,0.05,0.000883883476483184,0,1,0,0,738,1024,716,254,28,1,2,1
75,169.22621636556,172.09253947086,0.0169378194871856,0.499995116326582,13.6684574037584,0.15625,0.025625,0.04,1,28952.8582136922,0.569893182828363,0.010074383353248,0.0399784047800607,0.05,0.000883883476483184,0,1,0,0,764,970,756,286,40,1,2,1
76,169.054716530684,172.111784952441,0.0180833074905796,0.499993404757296,13.6071591573448,0.155,0.02625,0.04,1,28859.2105063927,0.51626862796003,0.0091264261936103,0.0399900251623863,0.05,0.000883883476483184,0,1,0,0,722,946,714,222,22,1,2,1
77,169.184276898625,172.361115516667,0.0187773868605166,0.499992768473958,13.5711797911663,0.153125,0.025,0.04,1,28942.0421211288,0.526467794602966,0.00930672369100209,0.0399780649514791,0.05,0.000883883476483184,0,1,0,0,724,968,712,234,29,1,2,1
78,169.08549011233,172.406036242659,0.0196382677669302,0.499990076799637,13.4935541734659,0.1525,0.025,0.04,1,28848.965622659,0.523464692738507,0.00925363584867828,0.0399895509653799,0.05,0.000883883476483184,0,1,0,0,720,984,708,230,25,1,2,1
79,169.276195884951,172.524855153844,0.0191914713814865,0.499988626972775,13.3897847903534,0.15125,0.025625,0.04,1,28967.8588921688,0.553402630904912,0.00978286882598348,0.0399778964541718,0.05,0.000883883476483184,0,1,0,0,738,1100,728,282,39,1,2,1
80,169.154941156306,172.405463102729,0.0192162399998676,0.499993275901797,13.3732974981664,0.149375,0.02625,0.04,1,28893.5813273161,0.558424897736646,0.00987165079932467,0.039987113816772,0.05,0.000883883476483184,0,1,0,0,746,1108,726,264,33,1,2,1
81,169.201663493938,172.536437710043,0.0197088737028003,0.499991623295313,13.2885673395653,0.148125,0.0275,0.04,1,28975.3049524348,0.567214839561223,0.0100270364860845,0.0399779248334309,0.05,0.000883883476483184,0,1,0,0,736,1166,730,280,42,1,2,1
82,169.097124699338,172.511427409725,0.020191370589284,0.499993029405793,13.3214607993651,0.1475,0.0275,0.04,1,28911.262559373,0.543470851053584,0.00960729810393034,0.0399868240190316,0.05,0.000883883476483184,0,1,0,0,712,1212,694,226,26,1,2,1
83,169.204504740858,172.660974974836,0.0204277672114701,0.499986120198555,13.2333247181957,0.1475,0.026875,0.04,1,28975.022332661,0.561775465740999,0.00993088103324228,0.0399811348292077,0.05,0.000883883476483184,0,1,0,0,744,1182,736,254,37,1,2,1
84,169.190110130505,172.619568109573,0.0202698489670769,0.499992192485829,13.2623586284591,0.1475,0.026875,0.04,1,28917.0201611728,0.541363291277839,0.00957004135870071,0.0399615124715163,0.05,0.000883883476483184,0,1,0,0,696,1152,682,216,24,1,2,1
85,169.355148629081,172.704015658739,0.0197742262740026,0.499988697512732,13.1312860053389,0.145625,0.028125,0.04,1,28981.1485380667,0.558686881114466,0.00987628205490003,0.0399787662861519,0.05,0.000883883476483184,0,1,0,0,776,1134,762,240,40,1,2,1
86,169.338532980105,172.703565013102,0.0198716262257488,0.499997955212816,13.1568604545344,0.145,0.02625,0.04,1,28979.0975361392,0.586810679224414,0.0103734452638067,0.03999229283356,0.05,0.000883883476483184,0,1,0,0,718,1104,700,266,31,1,2,1
87,169.417694494361,172.708743226897,0.0194256493830716,0.499985940805365,13.1120360978466,0.145,0.02875,0.04,1,28988.7374844295,0.518352512566031,0.00916326441701313,0.0399766716893564,0.05,0.000883883476483184,0,1,0,0,720,1794,704,224,23,1,2,1
88,169.2417708452,172.90462512492,0.021642731941574,0.49999678678611,13.2004516094762,0.146875,0.03,0.04,1,28951.6663659932,0.568073355075297,0.0100422130396284,0.0399856364900377,0.05,0.000883883476483184,0,1,0,0,768,1842,758,270,36,1,2,1
89,169.052869826144,172.923489546455,0.0228959125289713,0.499996350058318,13.1041008508821,0.1475,0.02875,0.04,1,29032.6163379135,0.583259548674918,0.010310669551496,0.0399765722847495,0.05,0.000883883476483184,0,1,0,0,730,1042,710,244,37,1,2,1
90,168.994012067183,173.137940071754,0.0245211528732906,0.499996198747486,13.1560260760416,0.146875,0.02875,0.04,1,28960.7567123841,0.593877909292,0.0104983774214316,0.0399853499328709,0.05,0.000883883476483184,0,1,0,0,780,1078,772,280,33,1,2,1
91,169.219186823007,173.083478223347,0.0228360121147601,0.499994743823965,13.0798365992966,0.146875,0.026875,0.04,1,29040.9558138558,0.588284291161619,0.0103994952886476,0.0399768004639947,0.05,0.000883883476483184,0,1,0,0,716,982,706,252,25,1,2,1
92,169.22258509992,173.208571992623,0.0235546980348328,0.499989836679745,13.1631388974998,0.148125,0.0275,0.04,1,28976.5386752849,0.58463522974346,0.0103349883868039,0.0399726078094853,0.05,0.000883883476483184,0,1,0,0,744,962,728,258,29,1,2,1
93,169.345849042939,172.945873210669,0.0212584139976031,0.499988663345573,13.0802460565521,0.146875,0.026875,0.04,1,29015.4747597037,0.552122247365363,0.00976023462890012,0.0399769637850937,0.05,0.000883883476483184,0,1,0,0,750,1116,732,234,22,1,2,1
94,169.352201959129,173.084487541899,0.022038600854277,0.499990861240977,13.112554639332,0.146875,0.0275,0.04,1,28899.9134983883,0.496662217446618,0.00877983054789127,0.0399584051019279,0.05,0.000883883476483184,0,1,0,0,676,1124,654,216,23,1,2,1
95,169.474547475611,173.160865479995,0.0217514550668127,0.499995606830627,13.0718183662773,0.146875,0.0275,0.04,1,29007.4883737788,0.520020653658986,0.00919275326398325,0.0399790003171844,0.05,0.000883883476483184,0,1,0,0,698,988,682,204,36,1,2,1
96,169.396654243313,173.136407407913,0.0220769009949142,0.499995573856945,13.0982276693653,0.146875,0.0275,0.04,1,28993.443988695,0.577909520282346,0.0102160935175978,0.0399909324819924,0.05,0.000883883476483184,0,1,0,0,734,980,720,270,35,1,2,1
97,169.436398255169,173.040314114076,0.0212700216483571,0.499993405421493,13.0207613755867,0.148125,0.026875,0.04,1,29020.5351703393,0.531670614477149,0.00939869742136027,0.0399765631551028,0.05,0.000883883476483184,0,1,0,0,760,1766,740,230,24,1,2,1
98,169.289230753751,173.156769249608,0.0228457444022738,0.499995505762319,13.1873090217947,0.146875,0.0275,0.04,1,28959.1957167294,0.60583149652082,0.0107096889861566,0.0399639600057107,0.05,0.000883883476483184,0,1,0,0,786,1036,774,340,37,1,2,1
99,168.70377043614,173.143896478093,0.0263190682133184,0.499984615452087,13.0588053141401,0.146875,0.028125,0.04,1,29023.9722125468,0.584707879853567,0.0103362726714417,0.039978700098461,0.05,0.000883883476483184,0,1,0,0,758,1080,748,266,32,1,2,1
100,168.775198945039,173.354568077304,0.0271329505809452,0.499997168236025,13.0921216380443,0.14625,0.0275,0.04,1,28993.9992358776,0.615945658725426,0.0108884838031791,0.0399901171017138,0.05,0.000883883476483184,0,1,0,0,764,1746,748,286,40,1,2,1
101,168.845124529247,173.337015439449,0.0266036163183633,0.499997030180567,13.0056140530955,0.14625,0.026875,0.04,1,29043.4248785382,0.600706759265348,0.0106190955745281,0.0399761000463978,0.05,0.000883883476483184,0,1,0,0,726,1020,714,256,29,1,2,1
102,168.980390828274,173.463058678328,0.0265277398642651,0.499998506613481,13.0363704568992,0.14625,0.026875,0.04,1,28990.8407147052,0.629649702911239,0.0111307393675158,0.0399844102837628,0.05,0.000883883476483184,0,1,0,0,752,1856,742,298,53,1,2,1
103,169.122081778157,173.153224912172,0.0238356995824009,0.499992172580897,12.9890615301025,0.14625,0.025,0.04,1,29075.4179326187,0.601013493399509,0.0106245179191852,0.0399871732850526,0.05,0.000883883476483184,0,1,0,0,746,1886,728,282,26,1,2,1
104,169.262020220635,173.224577752619,0.0234107895369483,0.499991952215876,13.0139469083529,0.148125,0.02625,0.04,1,28964.5266345489,0.600467105623851,0.0106148590566521,0.0399666665337791,0.05,0.000883883476483184,0,1,0,0,748,984,734,266,45,1,2,1
105,169.371883087917,173.062839099529,0.0217920232350243,0.499986854538638,12.9666448590737,0.1475,0.02625,0.04,1,29067.9371975776,0.575008308529738,0.0101648068549996,0.0399820352973938,0.05,0.000883883476483184,0,1,0,0,746,1742,736,240,25,1,2,1
106,169.360338823104,173.116348121408,0.0221776203590786,0.499991234541706,12.9880648840366,0.148125,0.02625,0.04,1,28924.1980426968,0.491253603490054,0.00868421885775361,0.0399581212039124,0.05,0.000883883476483184,0,1,0,0,622,996,604,214,23,1,2,1
107,169.471258125632,173.211612783631,0.0220707316353677,0.499973440540725,12.9779585346507,0.1475,0.026875,0.04,1,28999.5643141055,0.483971106714409,0.00855548128640292,0.0399809530129512,0.05,0.000883883476483184,0,1,0,0,680,1118,670,210,28,1,2,1
108,169.442378440975,173.22605075613,0.0223301416680308,0.499992546198326,12.9936554010192,0.1475,0.026875,0.04,1,28955.3093932028,0.517804752484189,0.0091535812953048,0.0399610607727271,0.05,0.000883883476483184,0,1,0,0,662,1792,634,226,28,1,2,1
109,169.544511517848,173.234890907456,0.0217664338206518,0.499982440677495,12.90882110674,0.1475,0.026875,0.04,1,29041.7528922693,0.552632591709704,0.0097692563275657,0.0399780124560397,0.05,0.000883883476483184,0,1,0,0,748,954,726,246,38,1,2,1
110,169.510269247085,173.076570318898,0.021038849667655,0.499995720676035,12.9688000894248,0.15,0.028125,0.04,1,28997.9653758806,0.583127262244462,0.0103083310356951,0.0399754907470279,0.05,0.000883883476483184,0,1,0,0,728,1094,710,272,29,1,2,1
111,169.500220882429,172.876813631682,0.0199208752158231,0.499987658442739,12.8886677412007,0.15,0.0275,0.04,1,29033.5151361347,0.522126963194485,0.00922998790787898,0.039976803314011,0.05,0.000883883476483184,0,1,0,0,688,1200,670,216,22,1,2,1
112,169.436288656779,172.988782891658,0.0209665489196077,0.499995954447816,12.987134203146,0.15,0.028125,0.04,1,28972.9187403237,0.60451599725882,0.0106864340249365,0.0399664132401135,0.05,0.000883883476483184,0,1,0,0,754,1818,734,338,39,1,2,1
113,168.965078181642,172.846538690648,0.0229719688279816,0.499994364556145,12.9415007255088,0.15,0.0275,0.04,1,29079.5967395413,0.576273264467633,0.0101871683280393,0.0399879221509609,0.05,0.000883883476483184,0,1,0,0,692,1692,666,268,31,1,2,1
114,168.88228048087,173.023274341893,0.0245200020347439,0.499991886069345,12.9508423743469,0.149375,0.026875,0.04,1,28982.7617372711,0.577101947901872,0.0102018175199345,0.0399698654975823,0.05,0.000883883476483184,0,1,0,0,746,1700,730,274,40,1,2,1
115,168.758052206057,173.296214678854,0.0268915314764094,0.499989760457974,12.8569039003877,0.149375,0.025625,0.04,1,29077.0023289364,0.572857790807221,0.0101267907133833,0.0399874644250308,0.05,0.000883883476483184,0,1,0,0,700,1778,684,260,28,1,2,1
116,168.728646470425,173.601085533545,0.0288773670923397,0.499997348481192,12.8933965312644,0.149375,0.02625,0.04,1,29013.1376586616,0.635523920347611,0.0112345818421014,0.0399828953161766,0.05,0.000883883476483184,0,1,0,0,712,1676,688,346,39,1,2,1
117,168.239673372915,173.717606435974,0.032560293022667,0.499996546633096,12.8138054472719,0.148125,0.025,0.04,1,29122.1369971441,0.62705549717447,0.0110848798558092,0.0399824693870485,0.05,0.000883883476483184,0,1,0,0,710,1010,702,320,37,1,2,1
118,167.72856600409,174.014180090165,0.0374749169793877,0.499993217491585,12.8466865180044,0.1475,0.02375,0.04,1,29017.4307058828,0.595523477270053,0.0105274672283362,0.0399801291120884,0.05,0.000883883476483184,0,1,0,0,728,1008,714,290,31,1,2,1
119,167.814679796031,174.145854644406,0.0377271812934926,0.49999744591198,12.7196966935718,0.146875,0.02375,0.04,1,29107.9364008685,0.632103988141744,0.0111741254107522,0.039981541382611,0.05,0.000883883476483184,0,1,0,0,746,996,724,340,40,1,2,1
120,168.076934350178,174.057926721511,0.0355848492504751,0.499997356639441,12.739466928992,0.14625,0.0225,0.04,1,29042.9042816997,0.628055122072496,0.0111025508944102,0.0399851738933877,0.05,0.000883883476483184,0,1,0,0,732,1108,716,306,37,1,2,1
121,168.399372553092,174.088570525185,0.033783961815533,0.49999789642534,12.6518914797907,0.14375,0.02375,0.04,1,29143.665549418,0.652493137262784,0.011534558050905,0.0399819298168456,0.05,0.000883883476483184,0,1,0,0,766,1868,758,360,55,1,2,1
122,168.60490498993,173.846534756515,0.0310882400894454,0.499996087351579,12.6567486847127,0.143125,0.02375,0.04,1,29068.0560759018,0.623372123647673,0.0110197663958482,0.0399898818230104,0.05,0.000883883476483184,0,1,0,0,704,1124,678,302,34,1,2,1
123,168.873479458125,173.93792819847,0.0299896037944834,0.499998520824755,12.6089839370405,0.14375,0.024375,0.04,1,29165.8608819459,0.642372575714058,0.011355650108392,0.0399787156866858,0.05,0.000883883476483184,0,1,0,0,722,954,712,364,44,1,2,1
124,169.122412884588,173.770975238,0.0274863767263309,0.499995892255501,12.5879724660728,0.14375,0.023125,0.04,1,29071.5437939785,0.62370759838398,0.0110256968073722,0.0399732475238512,0.05,0.000883883476483184,0,1,0,0,682,976,656,298,36,1,2,1
125,169.432762264284,173.812382431681,0.0258487208074063,0.499997621572658,12.5811998345275,0.14375,0.023125,0.04,1,29185.4498591241,0.6287731899782,0.0111152446615471,0.0399770414127817,0.05,0.000883883476483184,0,1,0,0,710,924,692,312,38,1,2,1
126,169.334784219593,173.712658913193,0.025853369192729,0.499992246848071,12.5788528762044,0.144375,0.02375,0.04,1,29106.0560901131,0.636058198948351,0.011244026642642,0.0399763783565401,0.05,0.000883883476483184,0,1,0,0,720,952,702,298,43,1,2,1
127,169.537101449408,173.57335818534,0.0238075129362597,0.499997990873277,12.6025850623474,0.14375,0.023125,0.04,1,29193.0180939571,0.644391782801441,0.0113913449839947,0.039975861240178,0.05,0.000883883476483184,0,1,0,0,670,1106,648,300,39,1,2,1
128,169.18511652882,173.509976038462,0.0255628840076222,0.499996095677251,12.6107942470926,0.143125,0.024375,0.04,1,29127.6031306976,0.643313258242103,0.0113722791832551,0.0399938858176648,0.05,0.000883883476483184,0,1,0,0,708,996,694,306,39,1,2,1
129,169.388968847749,173.465170772333,0.0240641521836542,0.499994961073151,12.5748246726412,0.143125,0.023125,0.04,1,29177.723301321,0.612060013400385,0.0108197946492135,0.0399754674289097,0.05,0.000883883476483184,0,1,0,0,648,1062,620,274,27,1,2,1
130,169.211509676235,173.664086297012,0.0263136746979953,0.499994619110114,12.5890701427666,0.14375,0.024375,0.04,1,29089.4948555132,0.622135743411388,0.0109979100746182,0.0399751330780753,0.05,0.000883883476483184,0,1,0,0,710,1068,696,284,46,1,2,1
131,169.466236538118,173.606812776328,0.024433045323916,0.499996257779062,12.5649885829104,0.144375,0.025625,0.04,1,29189.073011054,0.621288228454178,0.0109829279852831,0.0399759812600805,0.05,0.000883883476483184,0,1,0,0,666,986,658,280,36,1,2,1
132,169.459028754213,173.728868282659,0.0251968842252624,0.499996068458315,12.544363895836,0.14375,0.025625,0.04,1,29078.5988413796,0.609515917034175,0.0107748209544001,0.0399804247846072,0.05,0.000883883476483184,0,1,0,0,622,1004,598,268,32,1,2,1
133,169.626109278541,173.642293881111,0.0236766888048752,0.499997750353547,12.5520785306556,0.14375,0.024375,0.04,1,29190.3817918584,0.616030653458509,0.0108899863119823,0.0399760461837878,0.05,0.000883883476483184,0,1,0,0,650,966,628,282,32,1,2,1
134,169.352901531143,173.69827711856,0.0256587017295247,0.499995575842347,12.5589770359033,0.14375,0.025,0.04,1,29084.0720562402,0.599447306699488,0.0105968313882805,0.0399890784534183,0.05,0.000883883476483184,0,1,0,0,648,938,632,258,27,1,2,1
135,169.583561741919,173.750428007029,0.0245711684688638,0.499991909858345,12.527320841836,0.14375,0.024375,0.04,1,29158.2288943619,0.563595462555058,0.00996305433546627,0.039976358280107,0.05,0.000883883476483184,0,1,0,0,590,1088,558,242,24,1,2,1
136,169.512519553201,173.922367421548,0.0260148800806572,0.49998526425851,12.5470111261817,0.14375,0.024375,0.04,1,29065.0333298576,0.597790360631675,0.0105675404432652,0.0399648499125553,0.05,0.000883883476483184,0,1,0,0,638,1698,620,302,45,1,2,1
137,169.479722473667,173.613657730584,0.0243919166055943,0.499994600461037,12.5857282063797,0.143125,0.02375,0.04,1,29209.5696310897,0.627856761475397,0.0110990443413269,0.0399759428049223,0.05,0.000883883476483184,0,1,0,0,698,1784,678,314,33,1,2,1
138,168.880916401335,173.550553047953,0.027650469609724,0.499995337496854,12.5899880284042,0.143125,0.025,0.04,1,29100.7801392253,0.654441288145091,0.0115689968183963,0.0399918155089151,0.05,0.000883883476483184,0,1,0,0,748,1052,730,372,49,1,2,1
139,168.437531412731,173.672013412421,0.0310766962433269,0.499995008766015,12.603905600873,0.13875,0.02375,0.04,1,29238.904015302,0.659548102086294,0.0116592733875984,0.0399918752326305,0.05,0.000883883476483184,0,1,0,0,714,994,710,346,44,1,2,1
140,167.664961519895,173.8669294189,0.0369902443705766,0.499996367362294,12.5871642726572,0.139375,0.02375,0.04,1,29141.3049365169,0.658328009216343,0.0116377049890479,0.0399905842375856,0.05,0.000883883476483184,0,1,0,0,754,1016,742,356,42,1,2,1
141,167.324265927269,173.987974407519,0.0398251170762441,0.49999141881746,12.5971429247487,0.140625,0.024375,0.04,1,29212.5883508929,0.596828221381244,0.0105505320635546,0.0399906743353225,0.05,0.000883883476483184,0,1,0,0,718,1104,700,286,25,1,2,1
142,167.418237053919,174.278602191333,0.0409774063933328,0.499993160279444,12.5797713365208,0.140625,0.02375,0.04,1,29050.4935631003,0.5837904170614,0.010320054067396,0.0399609772104723,0.05,0.000883883476483184,0,1,0,0,686,938,676,278,34,1,2,1
143,167.78033586835,174.297818366192,0.0388453299018081,0.499996487193733,12.5488638776605,0.139375,0.023125,0.04,1,29147.047905089,0.669787982483232,0.0118402906092787,0.0399753283069441,0.05,0.000883883476483184,0,1,0,0,716,1008,698,424,42,1,2,1
144,168.342842918599,173.795377726552,0.0323894661241352,0.499991062852198,12.5093124442285,0.14,0.023125,0.04,1,29083.4957772013,0.591592742323008,0.0104579809949336,0.0399911058388202,0.05,0.000883883476483184,0,1,0,0,638,1796,610,296,26,1,2,1
145,168.814789689417,173.894283963057,0.0300891544098999,0.49999613598258,12.5357726244106,0.141875,0.024375,0.04,1,29154.7244643589,0.632806502960122,0.0111865442355512,0.039975928760898,0.05,0.000883883476483184,0,1,0,0,660,1016,654,346,39,1,2,1
146,169.148806351641,173.243325799503,0.024206611540316,0.499995109879194,12.509513366608,0.141875,0.02375,0.04,1,29145.366045717,0.609773993094097,0.0107793831377009,0.0399889876045011,0.05,0.000883883476483184,0,1,0,0,612,928,602,304,27,1,2,1
147,169.606846772719,173.395643342052,0.0223387005974455,0.499996671796718,12.510725413152,0.143125,0.0225,0.04,1,29185.7020590503,0.628798323402751,0.0111156889619204,0.0399748327532737,0.05,0.000883883476483184,0,1,0,0,724,968,702,330,40,1,2,1
148,169.561077749221,172.934721796422,0.0198963352438145,0.499996583338357,12.5210386308944,0.141875,0.0225,0.04,1,29179.6374731199,0.638677366307207,0.0112903274176548,0.0399874960461674,0.05,0.000883883476483184,0,1,0,0,672,932,652,334,33,1,2,1
149,169.567198052052,172.864466300115,0.0194452009937104,0.499995898307633,12.5565236042607,0.140625,0.0225,0.04,1,29210.6939203789,0.636791040072369,0.0112569815658502,0.0399853808330877,0.05,0.000883883476483184,0,1,0,0,687,1024,677,342,39,1,2,1
150,168.793050928143,172.798759653697,0.023731478893992,0.499994134123314,12.5632337385648,0.1375,0.023125,0.04,1,29180.2390363228,0.653360091488319,0.0115498837812013,0.039989848089123,0.05,0.000883883476483184,0,1,0,0,740,1074,732,364,42,1,2,1
151,168.261161301509,173.204718270274,0.0293802617937899,0.499996237782968,12.5407581653189,0.136875,0.021875,0.04,1,29212.3147960728,0.675044231359821,0.0119332088398847,0.0399815250327331,0.05,0.000883883476483184,0,1,0,0,720,1008,706,366,37,1,2,1
152,167.202950258845,173.365332587588,0.0368557033186451,0.499996648649528,12.5542958270519,0.136875,0.0225,0.04,1,29179.5271058805,0.669903576479095,0.0118423340417372,0.0399936048062716,0.05,0.000883883476483184,0,1,0,0,748,1046,740,362,37,1,2,1
153,167.353099913963,173.35168076727,0.0358438586222208,0.499996586678787,12.5056462922905,0.136875,0.021875,0.04,1,29192.5052716738,0.650063683581513,0.0114916109715899,0.039987463204266,0.05,0.000883883476483184,0,1,0,0,704,1046,696,326,39,1,2,1
154,167.245450963202,173.219695356763,0.0357214163922193,0.499990456090491,12.5480901071328,0.136875,0.0225,0.04,1,29164.5695978082,0.63733745999973,0.0112666409967505,0.0399931983352619,0.05,0.000883883476483184,0,1,0,0,734,1137,724,314,29,1,2,1
155,167.633810233187,173.213075279918,0.0332824567965773,0.499991226673248,12.5199006075539,0.135625,0.0225,0.04,1,29161.5260164797,0.595283582196384,0.0105232264425021,0.0399764603867979,0.05,0.000883883476483184,0,1,0,0,685,1030,664,284,26,1,2,1
156,167.821753473361,173.185921257636,0.0319634831197647,0.49999533061952,12.518693031011,0.13625,0.02375,0.04,1,29066.4405437787,0.620421620326336,0.0109676083731874,0.0399569023991,0.05,0.000883883476483184,0,1,0,0,712,1093,696,370,31,1,2,1
157,168.529476937818,172.962610417946,0.0263047958177891,0.499992235366546,12.5200180752199,0.14,0.024375,0.04,1,29201.5205602186,0.654582988075568,0.0115715017429397,0.0399765317062775,0.05,0.000883883476483184,0,1,0,0,722,984,697,368,39,1,2,1
158,168.54490853617,172.358937520781,0.0226291557409624,0.499983950127013,12.5232258902403,0.14,0.024375,0.04,1,29079.6513934558,0.611753107534494,0.0108143692687396,0.0399638640952142,0.05,0.000883883476483184,0,1,0,0,739,988,720,320,25,1,2,1
159,169.006927294943,172.565237241181,0.0210542254284513,0.499994932787066,12.5532904515119,0.14,0.02375,0.04,1,29169.5876253812,0.616876234410793,0.0109049342126173,0.0399744175463091,0.05,0.000883883476483184,0,1,0,0,684,940,666,318,33,1,2,1
160,169.134544521107,172.240395750621,0.0183631985902586,0.499974946675742,12.5348175421617,0.14,0.023125,0.04,1,29082.9022087834,0.618831758501951,0.0109395033212581,0.0399652124611591,0.05,0.000883883476483184,0,1,0,0,652,922,638,320,26,1,2,1
161,169.583646567948,172.392036517719,0.0165604998277094,0.499995392119569,12.5119125521949,0.139375,0.0225,0.04,1,29168.2124024934,0.605110309420049,0.0106969400789202,0.039974646555714,0.05,0.000883883476483184,0,1,0,0,676,942,650,290,31,1,2,1
162,169.492438757722,172.228836286848,0.0161446584235982,0.49999051653757,12.5221908613375,0.139375,0.023125,0.04,1,29061.1018047583,0.592740063112009,0.0104782629526861,0.0399643046279102,0.05,0.000883883476483184,0,1,0,0,596,1670,580,270,28,1,2,1
163,169.768667638803,172.330339499813,0.0150891910541472,0.499984918205708,12.5131362521344,0.14,0.0225,0.04,1,29167.1819498172,0.603264460639519,0.0106643097741762,0.0399764123775169,0.05,0.000883883476483184,0,1,0,0,680,1726,662,280,34,1,2,1
164,169.573771946307,171.998834514215,0.0143009295604741,0.499994690045861,12.5290168647027,0.139375,0.0225,0.04,1,29078.8037686085,0.59635305929173,0.0105421323051631,0.0399653601463364,0.05,0.000883883476483184,0,1,0,0,646,1250,632,258,25,1,2,1
165,169.714734945569,172.180856060197,0.0145309782053941,0.499994529137297,12.5310666169389,0.13875,0.02125,0.04,1,29169.2489437154,0.629801331047811,0.0111334197996055,0.0399751428508141,0.05,0.000883883476483184,0,1,0,0,696,1034,674,310,37,1,2,1
166,169.013526226081,171.762599716688,0.0162654052133693,0.499996446615824,12.554762482316,0.138125,0.021875,0.04,1,29124.5094102357,0.661825668881599,0.0116995354607375,0.0399852116589749,0.05,0.000883883476483184,0,1,0,0,795,1845,785,372,46,1,2,1
167,168.631783081208,172.061764665099,0.0203400659188874,0.499990726506435,12.5076075336785,0.13625,0.020625,0.04,1,29174.4720263403,0.637476373714325,0.0112690966674902,0.0399759927741555,0.05,0.000883883476483184,0,1,0,0,711,986,698,316,39,1,2,1
168,168.106513714602,172.138557536356,0.0239850540746971,0.499995220451891,12.5542187806794,0.136875,0.021875,0.04,1,29095.3331006461,0.64326573244641,0.0113714390379447,0.0399848228327706,0.05,0.000883883476483184,0,1,0,0,765,1026,751,337,33,1,2,1
169,168.217643763145,172.279037978458,0.0241436874542813,0.499993156632365,12.5204761333268,0.135,0.0225,0.04,1,29125.4691933853,0.59391165060526,0.0104989738892169,0.0399745438413109,0.05,0.000883883476483184,0,1,0,0,764,991,756,326,25,1,2,1
170,168.67323258694,172.096357970006,0.0202944197521172,0.499997048839262,12.5260513241714,0.1390625,0.02125,0.04,1,29040.9263345307,0.638608191282087,0.011289104564421,0.0399715869906138,0.05,0.000883883476483184,0,1,0,0,684,955,676,372,33,1,2,1
171,169.376430995923,171.622408130397,0.0132602695739195,0.499997573074127,12.5325897452734,0.13875,0.02125,0.04,1,29172.7693158139,0.63255652049359,0.0111821251281196,0.0399750687319536,0.05,0.000883883476483184,0,1,0,0,634,995,610,308,41,1,2,1
172,169.35419839849,171.420734188788,0.0122024479454325,0.499995805796825,12.5344731771503,0.140625,0.02125,0.04,1,29069.0617081058,0.604980900314829,0.010694652427524,0.0399878447459826,0.05,0.000883883476483184,0,1,0,0,701,1020,674,276,29,1,2,1
173,169.459258423313,171.691326356937,0.0131717083763492,0.49999570594091,12.5369277662786,0.140625,0.02125,0.04,1,29139.6441316172,0.603569018207112,0.0106696936422089,0.0399759557867647,0.05,0.000883883476483184,0,1,0,0,650,1101,628,258,42,1,2,1
174,169.208490507248,171.664239038031,0.0145131519312175,0.499991026389299,12.5490842050783,0.13875,0.02125,0.04,1,29043.7505885465,0.585517309504368,0.010350581501316,0.0399563462022749,0.05,0.000883883476483184,0,1,0,0,675,1049,652,254,25,1,2,1
175,169.244511728629,171.917280903641,0.0157923536055207,0.499990847899616,12.5459852004906,0.1375,0.021875,0.04,1,29119.8641790553,0.559461283478632,0.00988997168397674,0.0399753198659403,0.05,0.000883883476483184,0,1,0,0,594,909,582,250,27,1,2,1
176,169.013988187591,172.033175274899,0.0178635337801592,0.499975752195103,12.5740293143673,0.1390625,0.02,0.04,1,29006.307120056,0.595566504654596,0.0105282278522209,0.0399509626775743,0.05,0.000883883476483184,0,1,0,0,723,978,675,307,38,1,2,1
177,169.320183126715,171.672547538822,0.0138929947314444,0.499984612094098,12.5036422103936,0.13875,0.020625,0.04,1,29098.2143420941,0.566678646952155,0.0100175578503372,0.0399770884050528,0.05,0.000883883476483184,0,1,0,0,697,1728,677,248,25,1,2,1
178,169.449870916543,171.883346192931,0.0143610335211535,0.499990657461338,12.5748314752857,0.139375,0.020625,0.04,1,29003.3893601422,0.534155429815573,0.00944262316575516,0.0399874592959297,0.05,0.000883883476483184,0,1,0,0,711,1080,696,238,24,1,2,1
179,169.760231053245,171.859769693432,0.0123676707268908,0.499987510251747,12.5342971454935,0.14125,0.021875,0.04,1,29089.2594835569,0.529296716254254,0.00935673243307887,0.0399748443017341,0.05,0.000883883476483184,0,1,0,0,674,977,658,222,27,1,2,1
180,169.727584242777,171.974334706732,0.0132373913997435,0.499976499018101,12.5520438287405,0.140625,0.02125,0.04,1,28995.7303710824,0.489977925867238,0.00866166785031108,0.0399851540496569,0.05,0.000883883476483184,0,1,0,0,617,958,597,216,21,1,2,1
181,169.986260090219,172.024230178204,0.0119890283303069,0.499995164682304,12.5290995649476,0.140625,0.02125,0.04,1,29093.467118612,0.48654824897471,0.00860103915561145,0.0399761941961511,0.05,0.000883883476483184,0,1,0,0,556,924,536,206,26,1,2,1
182,169.722216599253,171.991979457527,0.0133733986260232,0.499991333168259,12.5298659703429,0.140625,0.0225,0.04,1,29007.8113272194,0.503520559406784,0.00890107005058452,0.0399812822756435,0.05,0.000883883476483184,0,1,0,0,705,1007,690,200,29,1,2,1
183,169.97710043481,171.850063797666,0.01101891583081,0.499989749104273,12.5688158820165,0.140625,0.0225,0.04,1,29109.2262218495,0.533076505427992,0.00942355029698401,0.0399745589145026,0.05,0.000883883476483184,0,1,0,0,643,957,632,239,31,1,2,1
184,169.613523237834,171.355736602446,0.0102716654388993,0.499984636308393,12.5568213769253,0.14125,0.021875,0.04,1,29026.5055549566,0.565824434173023,0.0100024573591197,0.0399818454645197,0.05,0.000883883476483184,0,1,0,0,632,1014,614,246,45,1,2,1
185,169.939925158266,171.213045523291,0.00749159071265357,0.499991679614699,12.5923277499493,0.14125,0.021875,0.04,1,29140.2236578912,0.597915312033748,0.0105697492928583,0.0399880851541861,0.05,0.000883883476483184,0,1,0,0,647,1695,614,300,35,1,2,1
186,169.350693525799,170.482731325791,0.00668457729001806,0.49999438793768,12.6004082117501,0.14125,0.021875,0.04,1,29024.2216388896,0.579913144966969,0.010251512932634,0.0399777332928306,0.05,0.000883883476483184,0,1,0,0,808,984,798,307,26,1,2,1
187,169.42528106903,171.050350684183,0.00959165954985598,0.499982321109633,12.582309422467,0.14,0.02125,0.04,1,29086.2866400514,0.538646880474436,0.00952202154621133,0.0399750997216962,0.05,0.000883883476483184,0,1,0,0,708,1792,686,256,25,1,2,1
188,169.108795504782,171.32099205777,0.0130814990810177,0.49999454638004,12.6239383373847,0.14,0.02125,0.04,1,28964.3635477741,0.531858317795805,0.00940201557859709,0.0399743347448377,0.05,0.000883883476483184,0,1,0,0,789,1789,784,228,25,1,2,1
189,169.339199113566,171.668522233804,0.0137553687063102,0.499960864207823,12.5884033149127,0.139375,0.021875,0.04,1,29085.2119275953,0.580356877899179,0.0102593570967691,0.0399774693199893,0.05,0.000883883476483184,0,1,0,0,774,1157,752,278,46,1,2,1
190,169.444831117246,171.334089225627,0.0111496945402468,0.49999512732458,12.5744400430186,0.14,0.023125,0.04,1,29012.2331078633,0.615528597760571,0.0108811111372687,0.0399720855963805,0.05,0.000883883476483184,0,1,0,0,678,1088,658,338,40,1,2,1
191,169.767829475384,171.003571626356,0.00727901248894339,0.499982505447469,12.5372546421988,0.140625,0.02375,0.04,1,29094.5973005073,0.553128564929493,0.00977802397824069,0.0399744364336544,0.05,0.000883883476483184,0,1,0,0,702,1826,670,246,24,1,2,1
192,169.664033136523,171.054083945599,0.00819296101464924,0.499995212893534,12.6112756348236,0.14,0.02375,0.04,1,28991.531256798,0.547703907729075,0.00968212868094,0.0399674226460056,0.05,0.000883883476483184,0,1,0,0,682,1906,667,213,34,1,2,1
193,169.804462079269,170.950251454017,0.00674769885736878,0.49998421502145,12.5429480533126,0.14,0.024375,0.04,1,29073.3792241049,0.535165383212069,0.00946047678813878,0.0399770612072388,0.05,0.000883883476483184,0,1,0,0,732,1776,720,212,28,1,2,1
194,169.674167973262,171.024789540584,0.00796008952602978,0.499989888954523,12.5865182721056,0.14,0.024375,0.04,1,28973.082449365,0.495894594238483,0.00876626075849456,0.0399644393804943,0.05,0.000883883476483184,0,1,0,0,607,973,580,210,23,1,2,1
195,169.830507086538,171.092418240914,0.00743041504158795,0.499974771373945,12.5690897204128,0.14,0.024375,0.04,1,29058.6783557214,0.478121448682007,0.00845207296484458,0.0399768701602965,0.05,0.000883883476483184,0,1,0,0,544,934,518,189,25,1,2,1
196,169.653997343464,171.215188076283,0.00920220423488673,0.499989830723482,12.6145768590606,0.14125,0.024375,0.04,1,28965.9705743261,0.490660058402307,0.00867372636384147,0.0399621634418426,0.05,0.000883883476483184,0,1,0,0,637,977,606,190,35,1,2,1
197,169.877813925042,171.327650232369,0.0085345830266401,0.499991463716001,12.5884723676356,0.140625,0.025,0.04,1,29052.1541032755,0.464061011222745,0.00820351719799723,0.0399743874234479,0.05,0.000883883476483184,0,1,0,0,638,995,608,172,22,1,2,1
198,169.736298798894,171.472301199169,0.0102276437777872,0.499986446382352,12.6173035302957,0.140625,0.025625,0.04,1,28943.4668913086,0.442657586963317,0.00782515453713589,0.0399721115128016,0.05,0.000883883476483184,0,1,0,0,588,1031,554,153,29,1,2,1
199,169.951669813138,171.578091955772,0.00956990975388639,0.499992513043579,12.5922745888867,0.140625,0.025625,0.04,1,29047.9699892946,0.443290224364144,0.0078363380920398,0.0399734559030909,0.05,0.000883883476483184,0,1,0,0,521,1119,499,158,22,1,2,1
200,169.720194480599,171.778147295188,0.0121255624346116,0.499993391353372,12.5907358853487,0.14125,0.024375,0.04,1,28947.853912964,0.460707312425084,0.00814423161895015,0.039958937261332,0.05,0.000883883476483184,0,1,0,0,721,1776,711,177,26,1,2,1
201,169.923796588651,171.99538338567,0.0121912694902501,0.499993385505555,12.5626298713411,0.140625,0.02375,0.04,1,29059.1761819819,0.471293327085851,0.00833136768775937,0.0399749399270481,0.05,0.000883883476483184,0,1,0,0,639,1741,612,191,28,1,2,1
202,169.688514884716,171.970751514819,0.0134495645250554,0.499991788323336,12.5996332405584,0.140625,0.02375,0.04,1,28942.8446472799,0.468566033369142,0.00828315549072507,0.0399630281019665,0.05,0.000883883476483184,0,1,0,0,570,951,553,168,23,1,2,1
203,169.885170437539,171.854169954035,0.0115901788921572,0.499985903978799,12.5777257456031,0.14,0.02375,0.04,1,29035.7961510241,0.436427881836393,0.00771502786863487,0.0399752084181876,0.05,0.000883883476483184,0,1,0,0,648,1001,617,156,21,1,2,1
204,169.718758853083,171.908774624845,0.0129037932315893,0.49997592420557,12.6061013605502,0.140625,0.02375,0.04,1,28914.4236744788,0.409298330372095,0.007235440623361,0.0399479776098389,0.05,0.000883883476483184,0,1,0,0,567,1006,530,149,21,1,2,1
205,169.926105770147,172.028548134846,0.0123726860871118,0.499986345493711,12.5660528411786,0.140625,0.024375,0.04,1,29044.9677140094,0.423784851675438,0.00749152855959593,0.0399742747666564,0.05,0.000883883476483184,0,1,0,0,592,961,549,145,23,1,2,1
206,169.705610389531,172.20543060253,0.0147303333535134,0.49999060985214,12.6151174734748,0.140625,0.02375,0.04,1,28962.6549338973,0.44772090933505,0.00791466227674554,0.0399822321515867,0.05,0.000883883476483184,0,1,0,0,615,1017,585,166,29,1,2,1
207,169.899912296917,172.068541320998,0.0127641562303559,0.499978158291576,12.5293977313018,0.1409375,0.024375,0.04,1,29063.3535285614,0.503959753283963,0.00890883397480475,0.0399790191011217,0.05,0.000883883476483184,0,1,0,0,749,1046,741,207,35,1,2,1
208,169.694446319521,172.054946907271,0.0139102995940448,0.499991667569668,12.5976339467693,0.1409375,0.024375,0.04,1,28989.3462476289,0.474959741187986,0.00839618134461582,0.0399793147614442,0.05,0.000883883476483184,0,1,0,0,643,1060,622,192,23,1,2,1
209,169.889831898406,171.93370609822,0.0120305858036052,0.499996313753792,12.5891964427877,0.1415625,0.024375,0.04,1,29037.4526257353,0.484024320149359,0.0085564219759205,0.039973782359126,0.05,0.000883883476483184,0,1,0,0,678,952,650,188,33,1,2,1
210,169.65352023681,171.673066798458,0.011903947285205,0.499983544418725,12.6129772617462,0.14,0.024375,0.04,1,28970.7194358549,0.509257283874526,0.00900248196990799,0.0399781198841429,0.05,0.000883883476483184,0,1,0,0,615,917,575,196,27,1,2,1
211,169.842576029399,171.451514713984,0.00947311753152923,0.499995080278552,12.5871927405343,0.14,0.02375,0.04,1,29075.5068919983,0.528683254056024,0.00934588785106963,0.0399725618051743,0.05,0.000883883476483184,0,1,0,0,712,1730,682,220,28,1,2,1
212,169.701695936976,171.304124307473,0.00944261848208983,0.49998992780978,12.6042569310895,0.14,0.02375,0.04,1,28993.7691851882,0.514971789211956,0.00910350110678859,0.0399697284900989,0.05,0.000883883476483184,0,1,0,0,570,946,540,207,24,1,2,1
213,169.875035355902,171.081771543003,0.00710366996876779,0.499986613830461,12.6063554167286,0.139375,0.02375,0.04,1,29064.6028496463,0.53665272336731,0.00948676949588133,0.0399722045425382,0.05,0.000883883476483184,0,1,0,0,698,1674,675,227,42,1,2,1
214,169.652461366289,170.712067236311,0.00624574416125889,0.499988012071429,12.5924886469036,0.139375,0.023125,0.04,1,29011.6208578215,0.54150221484491,0.00957249720360927,0.0399739289207482,0.05,0.000883883476483184,0,1,0,0,570,984,549,224,36,1,2,1
215,169.855824188482,170.720445751268,0.00509032626297428,0.499995338938523,12.5965256008162,0.1396875,0.023125,0.04,1,29074.8854485718,0.550005795659983,0.00972282069507692,0.0399708214996087,0.05,0.000883883476483184,0,1,0,0,539,969,517,227,39,1,2,1
216,169.620529355349,170.724698395783,0.00650964269850104,0.499991956208011,12.6045819433838,0.1396875,0.0225,0.04,1,29006.4248472945,0.54815651117049,0.00969012965500532,0.0399635009610615,0.05,0.000883883476483184,0,1,0,0,594,960,579,222,32,1,2,1
217,169.861263852642,170.828590945571,0.00569480687349783,0.4999869666225,12.6204413931703,0.1396875,0.0225,0.04,1,29039.3754901791,0.479344776762392,0.00847369855437598,0.03997044647506,0.05,0.000883883476483184,0,1,0,0,560,1659,535,198,22,1,2,1
218,169.719158928538,171.020714907618,0.00766888068086633,0.499988591172537,12.6585159784867,0.14,0.023125,0.04,1,28941.9254899537,0.433598494877603,0.00766501090100584,0.0399655728793173,0.05,0.000883883476483184,0,1,0,0,660,1042,643,174,23,1,2,1
219,169.901105147196,171.209704872279,0.00770212603354929,0.49998111721693,12.637367512871,0.14,0.0225,0.04,1,28994.868978856,0.414130134139156,0.0073208556535873,0.0399731740623198,0.05,0.000883883476483184,0,1,0,0,583,1749,553,150,21,1,2,1
220,169.744291216775,171.650661853459,0.0112308380035544,0.499977671131687,12.5886326838731,0.13875,0.023125,0.04,1,28943.28688573,0.426671824273549,0.00754256350712654,0.039948932849684,0.05,0.000883883476483184,0,1,0,0,621,990,592,165,29,1,2,1
221,169.904447524667,171.938021583226,0.0119689277601998,0.499990815670051,12.5685496496259,0.1390625,0.0225,0.04,1,29059.5490971983,0.472325129274076,0.0083496075458628,0.0399775801396034,0.05,0.000883883476483184,0,1,0,0,610,1764,590,190,41,1,2,1
222,169.714952299216,171.864201386171,0.0126638758567698,0.499996054425828,12.5722653759385,0.139375,0.023125,0.04,1,28959.2905032731,0.479657624230222,0.00847922896852547,0.0399818172971578,0.05,0.000883883476483184,0,1,0,0,684,1832,673,189,27,1,2,1
223,169.92072216621,171.536205146324,0.00950727468386407,0.499983099581164,12.6227167684417,0.1390625,0.023125,0.04,1,29075.6148309688,0.525635767226225,0.00929201538599643,0.0399778870124565,0.05,0.000883883476483184,0,1,0,0,671,1878,654,248,39,1,2,1
224,169.574855793307,171.015361661614,0.00849480815754516,0.499985060589538,12.6147917092641,0.1390625,0.02375,0.04,1,28977.7444865199,0.531694199596082,0.00939911435129858,0.0399855620206791,0.05,0.000883883476483184,0,1,0,0,557,1645,524,216,35,1,2,1
225,169.837779046262,171.065943838015,0.00723139927199819,0.499992784263361,12.642056699742,0.1390625,0.023125,0.04,1,29045.9040508366,0.479899233244822,0.00848350005284095,0.0399698761835163,0.05,0.000883883476483184,0,1,0,0,579,1003,550,204,22,1,2,1
226,169.675302792534,171.21642696308,0.00908278426607788,0.49998355353677,12.6159515824204,0.139375,0.023125,0.04,1,28953.9192610377,0.486145666877594,0.00859392244234009,0.0399860033053727,0.05,0.000883883476483184,0,1,0,0,617,956,599,180,37,1,2,1
227,169.868608375733,171.256516692185,0.00817048146637147,0.499980884507839,12.6099384571201,0.1384375,0.0225,0.04,1,29092.2306665183,0.528000695111968,0.00933382179962208,0.0399877547731258,0.05,0.000883883476483184,0,1,0,0,635,1093,608,238,40,1,2,1
228,169.669701442745,171.072469251152,0.00826763880927968,0.499994741194571,12.5075748677442,0.13875,0.021875,0.04,1,29004.6331454545,0.571084575758873,0.0100954444037535,0.0399811917792121,0.05,0.000883883476483184,0,1,0,0,747,1148,741,237,34,1,2,1
229,169.908999933929,170.985690847136,0.00633686805069713,0.499990917933316,12.5872290296247,0.13875,0.0225,0.04,1,29091.9508337357,0.502858070281024,0.00888935878675233,0.0399811763621336,0.05,0.000883883476483184,0,1,0,0,661,1005,638,209,22,1,2,1
230,169.666021141981,171.164901757819,0.00883430050253568,0.49999031906539,12.5856226437752,0.14,0.0221875,0.04,1,28969.2593961692,0.490497145075076,0.0086708464358807,0.039981038532992,0.05,0.000883883476483184,0,1,0,0,613,1746,597,207,36,1,2,1
231,169.757346679838,171.210234157457,0.00855861325612753,0.499994420420115,12.6398015421513,0.13875,0.0225,0.04,1,29080.8798416046,0.51361635869155,0.00907954025397843,0.0399768756566337,0.05,0.000883883476483184,0,1,0,0,779,980,765,207,34,1,2,1
232,169.569887332275,171.36378687283,0.0105791161908352,0.499988411129146,12.5832938616747,0.139375,0.021875,0.04,1,28979.8349195888,0.546099153854953,0.00965376037227682,0.039973989183963,0.05,0.000883883476483184,0,1,0,0,705,1002,675,226,40,1,2,1
233,169.911794298702,171.374892638221,0.00861092866188572,0.499988695301275,12.6185429956749,0.139375,0.0225,0.04,1,29079.078333619,0.493643297798235,0.00872646308401056,0.0399731203807354,0.05,0.000883883476483184,0,1,0,0,609,1712,584,218,21,1,2,1
234,169.757575102399,171.521814041956,0.0103926963995153,0.499981423400345,12.5957771922306,0.1390625,0.0225,0.04,1,28960.7081615288,0.474905964174749,0.00839523069234751,0.0399752350902848,0.05,0.000883883476483184,0,1,0,0,574,937,537,207,28,1,2,1
235,169.919055942697,171.839769332208,0.0113036962149689,0.499981934761137,12.5790338326194,0.139375,0.0225,0.04,1,29073.126954419,0.476393667710745,0.00842152982381496,0.0399734343945834,0.05,0.000883883476483184,0,1,0,0,657,963,627,194,23,1,2,1
236,169.751800707172,171.7921198135,0.0120194254071431,0.499980986850144,12.5849336519918,0.140625,0.021875,0.04,1,28961.8698125468,0.463242058802403,0.00818904002774991,0.0399667253722533,0.05,0.000883883476483184,0,1,0,0,595,973,574,190,25,1,2,1
237,169.938720947135,171.703789301743,0.0103864989966407,0.499988852533309,12.5990888615483,0.1403125,0.021875,0.04,1,29067.1531402104,0.471221893353683,0.00833010490584884,0.0399721635040731,0.05,0.000883883476483184,0,1,0,0,549,912,520,179,25,1,2,1
238,169.710520634435,171.720650569167,0.0118444627193244,0.499992560375556,12.5804848198348,0.1396875,0.021875,0.04,1,28955.791334417,0.468893040275018,0.00828893621074105,0.039982921222268,0.05,0.000883883476483184,0,1,0,0,626,925,609,172,22,1,2,1
239,169.904140850113,171.681573697492,0.0104613862763182,0.499989638302279,12.5986668452953,0.1396875,0.021875,0.04,1,29046.0027755672,0.443084150465361,0.00783269518575844,0.0399709916399101,0.05,0.000883883476483184,0,1,0,0,589,928,561,162,22,1,2,1
240,169.719827682128,171.668957956348,0.0114843993235179,0.499995394161883,12.6226104066075,0.1396875,0.021875,0.04,1,28956.5148858328,0.450895739145467,0.00797078586894701,0.0399748042035721,0.05,0.000883883476483184,0,1,0,0,588,1087,550,156,23,1,2,1
241,169.853374128119,171.724087252264,0.0110136942156605,0.499986896791768,12.6000135929009,0.1396875,0.0225,0.04,1,29029.695963924,0.429746386568414,0.00759691460332353,0.039970392186083,0.05,0.000883883476483184,0,1,0,0,673,1069,640,149,20,1,2,1
242,169.775428598997,171.863450872264,0.0122987306849839,0.49998609599574,12.5933977537974,0.14,0.021875,0.04,1,28953.8984754036,0.439613740283946,0.007771346421439,0.03996296846541,0.05,0.000883883476483184,0,1,0,0,587,1691,551,156,35,1,2,1
243,169.936962684362,171.689302406444,0.0103117043779144,0.499990080583106,12.5780516306939,0.1396875,0.021875,0.04,1,29050.7713016587,0.44537935047151,0.00787326897297162,0.03997055196292,0.05,0.000883883476483184,0,1,0,0,669,1734,635,155,22,1,2,1
244,169.819387124317,171.884591710683,0.01216118266199,0.499990824709856,12.6021961485149,0.1403125,0.021875,0.04,1,28976.3314542329,0.473488978255392,0.00837018168353694,0.0399647849849713,0.05,0.000883883476483184,0,1,0,0,723,1012,702,191,30,1,2,1
245,169.889010767346,171.807262984639,0.0112912083520218,0.49999148862226,12.5572397549795,0.1396875,0.0225,0.04,1,29064.8900318138,0.469167250008185,0.0082937835997858,0.0399715005239735,0.05,0.000883883476483184,0,1,0,0,687,1003,669,181,22,1,2,1
246,169.790749922933,171.851661193544,0.0121379478655184,0.499994273660412,12.5800989080584,0.1396875,0.0225,0.04,1,28963.379523228,0.440566313899233,0.00778818570301272,0.0399532211769298,0.05,0.000883883476483184,0,1,0,0,604,1810,591,178,24,1,2,1
247,169.924945837664,171.688596275115,0.0103789966138068,0.499986622549201,12.6120574895501,0.1396875,0.023125,0.04,1,29038.840152608,0.447912762750248,0.00791805379801755,0.0399717814002874,0.05,0.000883883476483184,0,1,0,0,605,1693,569,147,22,1,2,1
248,169.750763316319,171.751922472655,0.0117888079985058,0.499990424524947,12.6366207323689,0.1390625,0.0228125,0.04,1,28946.0524886167,0.442772978961241,0.00782719439874155,0.0399466461195358,0.05,0.000883883476483184,0,1,0,0,754,999,732,144,23,1,2,1
249,169.895297702852,171.883839881222,0.0117045156944154,0.499985458177573,12.5945506547766,0.1396875,0.0225,0.04,1,29032.6338243015,0.437394782787161,0.00773212042411047,0.0399746092619697,0.05,0.000883883476483184,0,1,0,0,781,1028,749,182,20,1,2,1
250,169.764257841395,171.887782778583,0.0125086691638679,0.499993363406222,12.6476743515001,0.1384375,0.02125,0.04,1,28959.8866191107,0.451636888409755,0.00798388766071324,0.0399462596479232,0.05,0.000883883476483184,0,1,0,0,736,1087,718,185,25,1,2,1
251,169.800559188773,171.707673551185,0.0112314963597492,0.4999792923353,12.5677469832262,0.139375,0.02125,0.04,1,29054.4469024578,0.491653171757802,0.0086912822935454,0.0399764617748813,0.05,0.000883883476483184,0,1,0,0,760,1167,743,198,33,1,2,1
252,169.767550855696,171.728075072185,0.0115482859156941,0.499996933651449,12.6883920351969,0.13875,0.02125,0.04,1,29005.1779188565,0.505396190410105,0.00893422683562082,0.0399786390522572,0.05,0.000883883476483184,0,1,0,0,716,1212,691,206,24,1,2,1
253,169.736668664127,171.573625559031,0.0108223927649856,0.49998704629935,12.596738119198,0.13875,0.02125,0.04,1,29043.5767665667,0.496662783145458,0.00877984054812843,0.039975999146289,0.05,0.000883883476483184,0,1,0,0,748,1259,734,197,33,1,2,1
254,169.767120233879,171.788458664196,0.0119065365986779,0.499991646991145,12.5828110137953,0.13875,0.020625,0.04,1,28976.07372252,0.467584934949105,0.00826581195707958,0.0399704026257716,0.05,0.000883883476483184,0,1,0,0,550,922,534,192,22,1,2,1
255,169.896672081939,171.706601915811,0.010653121168843,0.499992869406681,12.5975523371365,0.13875,0.021875,0.04,1,29042.204765913,0.438787262518456,0.00775673622062706,0.0399701545100988,0.05,0.000883883476483184,0,1,0,0,545,915,517,158,25,1,2,1
256,169.75426524579,171.732885611912,0.0116557917602634,0.499985805206926,12.6027172875848,0.138125,0.0225,0.04,1,28967.1327924404,0.449492639764827,0.00794598234177879,0.0399741305325347,0.05,0.000883883476483184,0,1,0,0,654,975,629,154,29,1,2,1
257,169.865699111349,171.727047538857,0.0109577650888074,0.49999211992581,12.6127261082551,0.13875,0.0225,0.04,1,29041.0053826615,0.450052671484328,0.00795588239744224,0.0399697958701191,0.05,0.000883883476483184,0,1,0,0,598,959,574,153,22,1,2,1
258,169.783518914546,171.958622990579,0.0128110436745515,0.499995052895844,12.599203466501,0.138125,0.0225,0.04,1,28962.1059070624,0.441940236454464,0.00781247345190344,0.039975012835181,0.05,0.000883883476483184,0,1,0,0,498,887,475,155,23,1,2,1
259,169.93582923153,171.990515090572,0.0120909514393342,0.499990115309121,12.5616178130647,0.13875,0.0221875,0.04,1,29056.8679361785,0.446881405542781,0.00789982180613691,0.0399712776091412,0.05,0.000883883476483184,0,1,0,0,469,969,435,159,21,1,2,1
260,169.800938042651,172.265675168672,0.0145154505883952,0.499995241607224,12.6082971739349,0.138125,0.023125,0.04,1,28982.1119152364,0.464016911750142,0.00820273762209413,0.0399760708343844,0.05,0.000883883476483184,0,1,0,0,662,1812,633,164,30,1,2,1
261,169.901570566113,172.125526672209,0.0130896736191751,0.499991441666032,12.5654507971997,0.1378125,0.023125,0.04,1,29059.9019242312,0.475764486071178,0.00841040735871656,0.0399735057026828,0.05,0.000883883476483184,0,1,0,0,663,1005,625,186,22,1,2,1
262,169.779314924392,172.344263260814,0.0151075432102255,0.499995137977853,12.5804178490094,0.1384375,0.023125,0.04,1,29000.0704776348,0.541425705834397,0.00957114470260537,0.0399711598169838,0.05,0.000883883476483184,0,1,0,0,695,942,682,294,41,1,2,1
263,169.866717643175,171.640368502265,0.0104414265707781,0.499994429871004,12.5200304425431,0.13875,0.023125,0.04,1,29090.8822102333,0.547437402124531,0.00967741748293507,0.039970095134452,0.05,0.000883883476483184,0,1,0,0,763,1010,747,247,27,1,2,1
264,169.766342615364,171.628882116357,0.010971194126585,0.499994668311684,12.6463568195238,0.13875,0.0225,0.04,1,29042.9826460249,0.625311193456639,0.0110540446311261,0.0399684676234791,0.05,0.000883883476483184,0,1,0,0,744,982,727,348,43,1,2,1
265,168.869960100516,171.13744393935,0.0134273960714177,0.499987833218286,12.5991784250407,0.13875,0.023125,0.04,1,29080.7815770768,0.601604801868751,0.0106349708748946,0.0399729605782575,0.05,0.000883883476483184,0,1,0,0,726,1107,720,343,34,1,2,1
266,168.655568625435,171.616300081937,0.0175548989021372,0.499996237586148,12.6465357600172,0.1375,0.021875,0.04,1,29057.8910870203,0.647754732535417,0.0114507940980368,0.0399730282400646,0.05,0.000883883476483184,0,1,0,0,774,1025,763,379,43,1,2,1
267,167.678779130369,171.780094158183,0.0244593564497808,0.499993839666063,12.5779688119234,0.136875,0.02125,0.04,1,29076.0222297839,0.592682721736896,0.0104772492908065,0.0399703073274238,0.05,0.000883883476483184,0,1,0,0,693,951,677,319,26,1,2,1
268,167.936435374673,171.90908331147,0.0236556642871057,0.499986881627513,12.6613519400727,0.13625,0.0225,0.04,1,28984.6480043825,0.546354313188448,0.00965827099465176,0.0399567946327763,0.05,0.000883883476483184,0,1,0,0,772,1044,763,270,24,1,2,1
269,168.209160855768,171.956869341337,0.0222800498290483,0.49999199868383,12.6099594742292,0.135625,0.02375,0.04,1,29027.6498550782,0.54127011371522,0.00956839419654114,0.039971605436327,0.05,0.000883883476483184,0,1,0,0,741,994,732,286,25,1,2,1
270,168.772701589728,171.953970937662,0.0188494307312042,0.499996320809722,12.6366266061829,0.135,0.023125,0.04,1,28997.1113561384,0.663486572092873,0.0117288963588272,0.0399565380071294,0.05,0.000883883476483184,0,1,0,0,707,977,689,397,36,1,2,1
271,169.510690534666,171.041324216312,0.00902971769401806,0.499988220758136,12.4997536199364,0.134375,0.0221875,0.04,1,29080.1530314163,0.58592388102702,0.0103577687383336,0.0399696324850796,0.05,0.000883883476483184,0,1,0,0,793,1759,785,280,26,1,2,1
272,169.715617032052,171.460157076555,0.010279195721706,0.499993015382062,12.573609474392,0.13625,0.021875,0.04,1,29025.1881244844,0.541329215798898,0.00956943898364492,0.0399589913879602,0.05,0.000883883476483184,0,1,0,0,721,1071,696,232,24,1,2,1
273,169.788847904388,171.425545973233,0.00963960877905594,0.49997022153809,12.5080463081698,0.135625,0.0225,0.04,1,29077.1933475029,0.547320703695487,0.0096753545266718,0.0399730502724802,0.05,0.000883883476483184,0,1,0,0,760,1056,747,234,29,1,2,1
274,169.793386457719,171.575393781645,0.0104951515550911,0.499997144979262,12.6262980352716,0.136875,0.023125,0.04,1,29078.6326004304,0.652845907010674,0.0115407941979283,0.0399702763046028,0.05,0.000883883476483184,0,1,0,0,773,1065,757,362,50,1,2,1
275,169.884081405777,170.393532021801,0.00299881314251237,0.499996468446353,12.5208533336508,0.136875,0.02375,0.04,1,29128.0680765998,0.6084221307503,0.0107554853619376,0.0399692651737493,0.05,0.000883883476483184,0,1,0,0,737,1082,723,276,26,1,2,1
276,169.791679693078,170.682979683911,0.00524937377640973,0.499988167121458,12.5507464338585,0.13625,0.021875,0.04,1,29033.7147003567,0.579276640748923,0.0102402610214132,0.0399661197408606,0.05,0.000883883476483184,0,1,0,0,791,969,788,276,32,1,2,1
277,169.749902282261,170.706661523275,0.00563628743316258,0.499985978348651,12.5352059176136,0.1365625,0.0225,0.04,1,29087.7906929845,0.570231309951279,0.0100803606527859,0.0399728465585772,0.05,0.000883883476483184,0,1,0,0,688,968,673,257,30,1,2,1
278,169.662633615044,171.079000165138,0.00834813488341502,0.499993412141217,12.5196005843313,0.13625,0.0215625,0.04,1,29043.4227917314,0.587932530570844,0.0103932769811703,0.0399783911246985,0.05,0.000883883476483184,0,1,0,0,706,1747,686,289,35,1,2,1
279,169.205764710945,170.935196751383,0.0102208813239433,0.499994898662002,12.540265259147,0.1371875,0.0225,0.04,1,29111.2382752185,0.607742256122956,0.0107434667629538,0.0399696334146278,0.05,0.000883883476483184,0,1,0,0,714,1004,701,338,47,1,2,1
280,168.549834532306,171.089863573154,0.0150698993439914,0.499994805500949,12.5810650327505,0.135625,0.021875,0.04,1,29059.9222502028,0.648322973449591,0.0114608392731308,0.0399899063326181,0.05,0.000883883476483184,0,1,0,0,827,1031,823,334,51,1,2,1
281,168.578804730502,170.930053097606,0.013947473235817,0.499994647625926,12.4939974088735,0.135,0.021875,0.04,1,29103.8362638749,0.616853217485187,0.0109045273270129,0.0399698514048047,0.05,0.000883883476483184,0,1,0,0,735,1896,720,301,26,1,2,1
282,168.788473646687,171.075938662376,0.0135522584348785,0.499991379959776,12.5466654347515,0.135625,0.021875,0.04,1,29065.4743276729,0.635764174752167,0.0112388289800682,0.0399760168809179,0.05,0.000883883476483184,0,1,0,0,795,1002,791,359,42,1,2,1
283,169.180544070215,170.726469414541,0.00913772533846752,0.499994272070765,12.4839164394001,0.13625,0.02125,0.04,1,29124.2989177816,0.633137079232064,0.0111923880536409,0.0399709682426086,0.05,0.000883883476483184,0,1,0,0,748,1076,739,318,38,1,2,1
284,169.304099221267,170.729946353251,0.00842181104026594,0.499997347058333,12.5075015995523,0.136875,0.0215625,0.04,1,29150.1117607034,0.690442411159228,0.012205412773737,0.0399861509944182,0.05,0.000883883476483184,0,1,0,0,747,1057,730,367,48,1,2,1
285,168.613641894056,170.534619557348,0.0113927772492967,0.499995772634812,12.4555101942977,0.1365625,0.0225,0.04,1,29163.0190235906,0.695821805401433,0.0123005079274205,0.0399870521359717,0.05,0.000883883476483184,0,1,0,0,770,1046,765,416,37,1,2,1
286,167.598625958485,170.819006303537,0.0192148373928176,0.499996316340986,12.487758406849,0.13375,0.021875,0.04,1,29165.0431710026,0.675165694719725,0.0119353560290211,0.0399850584342566,0.05,0.000883883476483184,0,1,0,0,766,1028,745,377,37,1,2,1
287,166.861670461223,171.114311603633,0.0254860276218951,0.499997858088414,12.3814029249577,0.1334375,0.0221875,0.04,1,29171.120771122,0.722923465318672,0.0127796021151428,0.0399810706452535,0.05,0.000883883476483184,0,1,0,0,814,995,813,431,52,1,2,1
288,165.523250544628,171.395248916696,0.0354753688847185,0.49998397750871,12.3973732955716,0.133125,0.0228125,0.04,1,29169.131670463,0.658280731172565,0.011636869223414,0.0399844745830372,0.05,0.000883883476483184,0,1,0,0,759,996,747,365,35,1,2,1
289,165.062909798394,171.577484055072,0.0394672204957171,0.499983691343399,12.4339140238757,0.1325,0.02375,0.04,1,29047.7864390288,0.564765832054679,0.00998374374070816,0.0399684924102026,0.05,0.000883883476483184,0,1,0,0,750,1763,736,357,25,1,2,1
290,165.886951224219,171.224367729763,0.0321750232080031,0.499968209884749,12.4644667056518,0.134375,0.024375,0.04,1,28952.7695792214,0.597025613592218,0.0105540214978279,0.0399669692455923,0.05,0.000883883476483184,0,1,0,0,829,1140,826,444,37,1,2,1
291,167.365896049073,170.674386928171,0.0197680110297265,0.499975412400895,12.5389087309148,0.135,0.0225,0.04,1,29044.8600682424,0.560386359082366,0.00990632486478952,0.0399744637997735,0.05,0.000883883476483184,0,1,0,0,813,1091,806,354,31,1,2,1
292,168.724863915036,170.207414107177,0.00878679145290648,0.499985958135289,12.4963964171576,0.1375,0.02375,0.04,1,28919.8373585123,0.49995653951212,0.0088380664846895,0.0399490123954259,0.05,0.000883883476483184,0,1,0,0,797,1092,780,280,24,1,2,1
293,169.650382262479,170.211890050976,0.0033097938301622,0.49997553293995,12.5491009235958,0.1371875,0.02375,0.04,1,28991.5507965379,0.464927749974939,0.00821883911922707,0.0399706951852577,0.05,0.000883883476483184,0,1,0,0,782,1010,763,258,26,1,2,1
294,169.617471930319,170.756380521469,0.00671457119474894,0.499986465287178,12.5070954555786,0.13625,0.023125,0.04,1,28913.7809556975,0.435397009897505,0.0076968044551718,0.0399869134478174,0.05,0.000883883476483184,0,1,0,0,702,1001,686,214,25,1,2,1
295,169.722753570862,171.151075300683,0.00841561723322122,0.499980658074606,12.492208296183,0.136875,0.0225,0.04,1,28976.3026055434,0.427896590900211,0.00756421452680362,0.0399759226544567,0.05,0.000883883476483184,0,1,0,0,751,1033,732,152,26,1,2,1
296,169.627795869395,171.219758420384,0.00938503352489814,0.499991142356343,12.493202141501,0.1375,0.0225,0.04,1,28907.7531586637,0.414896616330934,0.00733440527247393,0.0399819291067468,0.05,0.000883883476483184,0,1,0,0,575,939,550,136,21,1,2,1
297,169.705313316186,171.111870143847,0.00828823093499804,0.499994014467449,12.4974631888452,0.1375,0.021875,0.04,1,28942.1531286082,0.404679480115347,0.00715379011491522,0.0399709204272602,0.05,0.000883883476483184,0,1,0,0,572,879,525,124,22,1,2,1
298,169.60466036477,171.187836265561,0.00933450706711554,0.499992223401177,12.4907702770226,0.136875,0.0228125,0.04,1,28890.7495709994,0.394143816182239,0.00696754412963014,0.039984576773778,0.05,0.000883883476483184,0,1,0,0,516,853,490,122,20,1,2,1
299,169.716039050941,171.120847803368,0.00827740713418749,0.499986081342588,12.4722822396219,0.136875,0.023125,0.04,1,28937.2161711359,0.396592214350386,0.00701082610332368,0.0399744653818927,0.05,0.000883883476483184,0,1,0,0,548,885,511,124,24,1,2,1
300,169.615820105909,171.168704052288,0.00915530134753373,0.499950001767757,12.458443551797,0.1365625,0.023125,0.04,1,28916.3907061775,0.424602120542568,0.00750597596854595,0.0399447845169341,0.05,0.000883883476483184,0,1,0,0,573,998,539,139,32,1,2,1
301,169.723229096593,171.122550573694,0.00824472574879304,0.499991397675241,12.4538269680415,0.1365625,0.0225,0.04,1,28949.2051486416,0.411838013716589,0.00728033630623495,0.0399804344299732,0.05,0.000883883476483184,0,1,0,0,569,1007,529,130,20,1,2,1
302,169.635780513407,171.193562217822,0.009183096276622,0.499990369721495,12.4714731693139,0.1375,0.0225,0.04,1,28897.7549377562,0.423496796272269,0.00748643641137248,0.0399725283639914,0.05,0.000883883476483184,0,1,0,0,655,1734,626,132,26,1,2,1
303,169.695500534145,171.131787500508,0.00846390718576495,0.499990608773293,12.4552426524973,0.1375,0.023125,0.04,1,28931.1238689997,0.408244247594051,0.00721680689635384,0.0399773252934716,0.05,0.000883883476483184,0,1,0,0,679,1724,646,126,19,1,2,1
304,169.630190969793,171.141963633778,0.00891216743518331,0.499981713590459,12.4433108736338,0.1375,0.0225,0.04,1,28874.9278209041,0.391621902245028,0.00692296256846587,0.0399408194681188,0.05,0.000883883476483184,0,1,0,0,533,929,498,136,24,1,2,1
305,169.730936829386,170.769187507665,0.0061170385179869,0.499992842595541,12.4821287498344,0.138125,0.023125,0.04,1,28935.8578399958,0.388004243744635,0.00685901079702474,0.0399723063850257,0.05,0.000883883476483184,0,1,0,0,612,947,563,121,20,1,2,1
306,169.610980961126,170.828557381056,0.0071786414595926,0.499992774012917,12.4836417576927,0.136875,0.023125,0.04,1,28858.7148718788,0.394293185769992,0.0069701846358402,0.0399428716749276,0.05,0.000883883476483184,0,1,0,0,732,926,717,112,23,1,2,1
307,169.690879796,170.928918027768,0.00729584426255931,0.499991606467146,12.4621822067772,0.135625,0.023125,0.04,1,28928.010626346,0.396403498951097,0.00700749005485989,0.0399700986390914,0.05,0.000883883476483184,0,1,0,0,656,963,632,124,22,1,2,1
308,169.621552211404,171.337386325429,0.0101156609620318,0.499996281135651,12.4184716264747,0.1334375,0.02375,0.04,1,28876.9094755147,0.415994204925841,0.00735380808093422,0.039944113451035,0.05,0.000883883476483184,0,1,0,0,630,954,607,160,26,1,2,1
309,169.691747344954,171.242792223583,0.00914036718282774,0.49999064516653,12.3938644172357,0.1340625,0.0246875,0.04,1,28950.0933142403,0.424144878620013,0.0074978929969439,0.0399833712010946,0.05,0.000883883476483184,0,1,0,0,694,995,670,152,20,1,2,1
310,169.64018246578,171.246097938298,0.00946659835644496,0.499990040163076,12.3939591816282,0.134375,0.0240625,0.04,1,28893.0186987977,0.41553976945505,0.00734577472085901,0.0399425729307356,0.05,0.000883883476483184,0,1,0,0,645,946,619,172,27,1,2,1
311,169.632192919351,170.784200262589,0.00679120704279205,0.49999504440274,12.4559375667152,0.1334375,0.024375,0.04,1,28960.5950761193,0.423425810835071,0.00748518155427228,0.0399798632060499,0.05,0.000883883476483184,0,1,0,0,794,1668,787,145,22,1,2,1
312,169.536684967482,170.943722121636,0.008299307931048,0.499982340931506,12.4239529412866,0.1340625,0.02375,0.04,1,28854.8754179115,0.394426197857248,0.00697253597956218,0.0399468081824925,0.05,0.000883883476483184,0,1,0,0,586,1717,554,122,20,1,2,1
313,169.712832623411,170.899637101553,0.00699301555337169,0.499990534651256,12.4484509092436,0.1340625,0.0240625,0.04,1,28946.3246980668,0.388346844057157,0.00686506717213026,0.0399737569170305,0.05,0.000883883476483184,0,1,0,0,568,1021,535,119,24,1,2,1
314,169.617623150872,171.093805155408,0.00870299899924318,0.499988867534116,12.4329289437127,0.135,0.0240625,0.04,1,28855.6323524783,0.379390759264631,0.00670674446488833,0.0399423852605063,0.05,0.000883883476483184,0,1,0,0,549,867,515,120,19,1,2,1
315,169.747463185542,171.072586511893,0.00780643964559549,0.499966885372255,12.422543224887,0.1346875,0.0240625,0.04,1,28949.5430606493,0.39434589042247,0.0069711163312694,0.0399757056299857,0.05,0.000883883476483184,0,1,0,0,614,937,583,134,30,1,2,1
316,169.635793651311,171.337873513978,0.010033730653363,0.499974969098329,12.4001362909562,0.1346875,0.0240625,0.04,1,28902.7284190202,0.426830242244679,0.00754536396766773,0.0399606335650566,0.05,0.000883883476483184,0,1,0,0,720,1111,709,187,24,1,2,1
317,169.707113700426,171.076814109213,0.00807096637802276,0.499995314890893,12.3919015639199,0.135625,0.0234375,0.04,1,28943.0810665733,0.404733062451733,0.00715473732575048,0.0399705935320028,0.05,0.000883883476483184,0,1,0,0,634,1021,595,126,21,1,2,1
318,169.630058219389,171.144152256794,0.00892585932763392,0.499992793163,12.4003460653511,0.1359375,0.023125,0.04,1,28890.4193195509,0.392123732946718,0.00693183376577018,0.0399847496815045,0.05,0.000883883476483184,0,1,0,0,546,856,516,112,21,1,2,1
319,169.708768862644,170.970422879705,0.00743422997830629,0.499970705102014,12.3966282839174,0.1359375,0.02375,0.04,1,28941.3843694974,0.410315628711347,0.00725342408721537,0.039975084247779,0.05,0.000883883476483184,0,1,0,0,638,973,595,122,33,1,2,1
320,169.628412718602,170.947458432541,0.007776089469912,0.499994148384942,12.4180713516715,0.13625,0.0240625,0.04,1,28915.0468565831,0.414664089198324,0.00733029473466695,0.0399811550717091,0.05,0.000883883476483184,0,1,0,0,515,938,491,128,24,1,2,1
321,169.705152704901,170.70974003937,0.00591960419855611,0.499980801660532,12.409487846916,0.135625,0.024375,0.04,1,28917.1022052432,0.421791460145956,0.00745629004289453,0.0399718939527945,0.05,0.000883883476483184,0,1,0,0,601,1840,570,131,32,1,2,1
322,169.622670957649,170.805288488243,0.0069720487474788,0.499991914557943,12.4165982738915,0.1340625,0.024375,0.04,1,28913.3712895522,0.425811099088022,0.00752734789174093,0.0399782434681877,0.05,0.000883883476483184,0,1,0,0,636,1676,618,132,22,1,2,1
323,169.692830607713,170.818390225373,0.00663292381669615,0.499981516696691,12.3742137587226,0.134375,0.025,0.04,1,28931.2229628247,0.434348278622052,0.00767826533025893,0.0399716053482707,0.05,0.000883883476483184,0,1,0,0,690,962,666,159,31,1,2,1
324,169.649317675259,170.909546810202,0.0074284362130819,0.499965944653212,12.3525305838867,0.1334375,0.024375,0.04,1,28937.206967266,0.451219971658625,0.0079765175441654,0.0399555841859126,0.05,0.000883883476483184,0,1,0,0,656,1775,641,166,35,1,2,1
325,169.67174812566,170.521730534272,0.00500956946575811,0.499995064255319,12.3876239349336,0.1340625,0.024375,0.04,1,28947.1639681966,0.436617062207599,0.00771837213671855,0.0399692913464709,0.05,0.000883883476483184,0,1,0,0,637,999,603,153,22,1,2,1
326,169.58322623576,170.706198086099,0.00662195121101084,0.499987972671876,12.3858743397315,0.134375,0.024375,0.04,1,28886.9802631401,0.419998900223686,0.00742460176097651,0.0399737200325649,0.05,0.000883883476483184,0,1,0,0,564,886,533,136,25,1,2,1
327,169.696195087133,170.558646921305,0.00508232865049607,0.499985241665859,12.3908695019411,0.134375,0.024375,0.04,1,28947.7075404722,0.436316736839892,0.00771306308411686,0.0399743490369378,0.05,0.000883883476483184,0,1,0,0,543,1123,506,143,32,1,2,1
328,169.612925172679,170.692544028123,0.006365192124037,0.499975161891804,12.3873740462869,0.134375,0.024375,0.04,1,28917.6018424107,0.445913829970722,0.00788271732492906,0.0399731269721086,0.05,0.000883883476483184,0,1,0,0,539,1118,508,140,33,1,2,1
329,169.711070285412,170.570207873853,0.00506235442977494,0.499972915018827,12.3897432092404,0.135,0.0246875,0.04,1,28959.3128981188,0.440029175734474,0.00777869035204434,0.0399801840803873,0.05,0.000883883476483184,0,1,0,0,552,950,512,138,34,1,2,1
330,169.640138159834,170.619381393371,0.00577247368552565,0.499986717843256,12.383598007674,0.135625,0.024375,0.04,1,28913.0567719956,0.441759967445922,0.00780928671594399,0.0399705518381383,0.05,0.000883883476483184,0,1,0,0,501,923,482,144,26,1,2,1
331,169.736827915027,170.537112192689,0.00471485350287483,0.499987972587487,12.3929876418153,0.1353125,0.0253125,0.04,1,28949.90236953,0.422930390108091,0.00747642367038257,0.0399781217206072,0.05,0.000883883476483184,0,1,0,0,480,894,432,142,23,1,2,1
332,169.649698607325,170.644494467695,0.00586382332852159,0.499973648573422,12.390643209146,0.1353125,0.025,0.04,1,28872.2820758574,0.419661932071568,0.00741864494934134,0.0399473826000006,0.05,0.000883883476483184,0,1,0,0,725,1779,708,141,21,1,2,1
333,169.703674361111,170.849423651416,0.00675147014122252,0.499991407804614,12.3997843644748,0.1346875,0.025,0.04,1,28953.4647598662,0.415013245586669,0.00733646700591429,0.0399767403182739,0.05,0.000883883476483184,0,1,0,0,714,1665,701,142,22,1,2,1
334,169.59907842376,171.098661385979,0.00884192871892649,0.499974333752669,12.3740661272793,0.1346875,0.024375,0.04,1,28870.0740288565,0.407558405844194,0.00720468281255022,0.039943613865421,0.05,0.000883883476483184,0,1,0,0,632,1611,614,134,22,1,2,1
335,169.684985386925,171.061117562416,0.00810992305744254,0.499987574021527,12.3761228064931,0.1359375,0.0240625,0.04,1,28946.5502473734,0.412671030561824,0.00729506210273768,0.0399748438284465,0.05,0.000883883476483184,0,1,0,0,621,1739,592,132,25,1,2,1
336,169.611611080768,171.138876676361,0.00900448728634248,0.499992482177537,12.3594870736346,0.1359375,0.0240625,0.04,1,28890.0615169546,0.409809732452759,0.00724448102033977,0.0399833089059662,0.05,0.000883883476483184,0,1,0,0,477,865,450,123,22,1,2,1
337,169.691129097108,170.944043719858,0.00738350100807794,0.499988213983789,12.4046567268045,0.1359375,0.025,0.04,1,28936.0268519875,0.405561374347385,0.0071693799497093,0.0399709081616354,0.05,0.000883883476483184,0,1,0,0,523,924,498,123,25,1,2,1
338,169.60192761561,170.912321248371,0.00772628973729162,0.499990017612224,12.3805940540192,0.13375,0.0240625,0.04,1,28860.9866789935,0.409585939383611,0.00724052488042034,0.0399724828875418,0.05,0.000883883476483184,0,1,0,0,672,991,646,126,24,1,2,1
339,169.652696266371,170.8667921321,0.00715636056748996,0.499975597873317,12.3887073031088,0.1340625,0.0253125,0.04,1,28926.3642807095,0.422658883194857,0.0074716240608954,0.0399768948120773,0.05,0.000883883476483184,0,1,0,0,646,966,626,125,34,1,2,1
340,169.600468952149,170.890346650339,0.0076053899270439,0.499993627140983,12.4063840973666,0.1340625,0.02625,0.04,1,28878.34101621,0.407598435864851,0.00720539045002665,0.0399774437559814,0.05,0.000883883476483184,0,1,0,0,560,967,536,128,23,1,2,1
341,169.6450416631,170.682634051318,0.00611625531784098,0.499982613874976,12.4060913100593,0.1340625,0.0259375,0.04,1,28910.4851501771,0.406399329007143,0.00718419303526534,0.0399708023132062,0.05,0.000883883476483184,0,1,0,0,520,962,493,129,31,1,2,1
342,169.579178853007,170.793417782337,0.00716030669297494,0.499991425365597,12.4262505230362,0.134375,0.025625,0.04,1,28866.0649111023,0.397789322483545,0.00703198818529292,0.0399558275220218,0.05,0.000883883476483184,0,1,0,0,562,965,531,129,22,1,2,1
343,169.661828165858,170.75749308269,0.00645793416631623,0.499990711035801,12.400078980458,0.134375,0.025,0.04,1,28892.3634323595,0.368585196197201,0.00651572729190038,0.0399715827775554,0.05,0.000883883476483184,0,1,0,0,520,955,483,112,20,1,2,1
344,169.609591252901,170.936444670186,0.00782298576091252,0.49999191867664,12.3877792956418,0.13375,0.024375,0.04,1,28875.291468997,0.394815390423713,0.00697941599713554,0.0399753430106018,0.05,0.000883883476483184,0,1,0,0,659,994,639,135,26,1,2,1
345,169.685536459222,171.141639476866,0.00858118522078003,0.499983312559163,12.3758723340798,0.133125,0.0240625,0.04,1,28909.9973510127,0.398106765305499,0.00703759983459399,0.0399719312895889,0.05,0.000883883476483184,0,1,0,0,617,992,590,124,21,1,2,1
346,169.587465109399,171.357243271994,0.0104357840448459,0.499977174311342,12.3220289052188,0.13375,0.024375,0.04,1,28881.4034663445,0.4051056280681,0.00716132341759473,0.0399573373601541,0.05,0.000883883476483184,0,1,0,0,685,1656,663,147,27,1,2,1
347,169.693395799789,171.144329277176,0.00855032377982672,0.499994448887916,12.3222807273772,0.13375,0.02375,0.04,1,28944.7992288804,0.431990003069459,0.00763657651438029,0.0399715369135763,0.05,0.000883883476483184,0,1,0,0,600,904,563,152,23,1,2,1
348,169.585162111982,171.137024402367,0.00915093202175542,0.499987500773375,12.3188659282611,0.13375,0.02375,0.04,1,28888.2549396925,0.41914530989556,0.00740951227324218,0.0399818131753688,0.05,0.000883883476483184,0,1,0,0,503,847,473,142,20,1,2,1
349,169.68224008313,170.925135983179,0.00732484377528261,0.499981982219243,12.295034436949,0.135625,0.0234375,0.04,1,28936.9559616979,0.417324226109848,0.00737731975589254,0.0399766220302443,0.05,0.000883883476483184,0,1,0,0,669,970,650,142,32,1,2,1
350,169.595699295926,170.819456489917,0.00721573246887846,0.499994320367397,12.3354621462268,0.1353125,0.02375,0.04,1,28901.7013666649,0.417980521923221,0.00738892153639505,0.0399768118669481,0.05,0.000883883476483184,0,1,0,0,573,976,544,132,24,1,2,1
351,169.622764093366,170.462453716207,0.00495033568949094,0.499992001232181,12.3429241858353,0.1346875,0.024375,0.04,1,28924.971360261,0.404840853782883,0.0071566428252807,0.039986613371249,0.05,0.000883883476483184,0,1,0,0,588,900,548,129,22,1,2,1
352,169.570021502983,170.659574516619,0.00642538701109278,0.499983541278909,12.3538819968617,0.1346875,0.024375,0.04,1,28838.8058265126,0.370914706239584,0.00655690760059565,0.0399533346711475,0.05,0.000883883476483184,0,1,0,0,480,882,453,117,19,1,2,1
353,169.698879436679,170.642464875891,0.00556035162014458,0.499990978146821,12.3894868244899,0.1346875,0.0240625,0.04,1,28917.1722379729,0.357581480698196,0.00632120724571052,0.0399807195061553,0.05,0.000883883476483184,0,1,0,0,519,1654,476,110,24,1,2,1
354,169.570197893254,170.81151542248,0.00732037554150585,0.499989276858688,12.348221140297,0.135,0.02375,0.04,1,28824.6936431395,0.368287864223691,0.00651047115553206,0.0399556951392542,0.05,0.000883883476483184,0,1,0,0,577,904,542,120,20,1,2,1
355,169.70444196497,170.928952518414,0.00721554803908471,0.49997972331921,12.368923153853,0.135,0.02375,0.04,1,28923.004237989,0.380485973019305,0.0067261052917078,0.0399729090279347,0.05,0.000883883476483184,0,1,0,0,681,954,651,114,22,1,2,1
356,169.548963523639,171.107717927613,0.00919353543412269,0.499990265870364,12.3366202113928,0.1353125,0.02375,0.04,1,28849.1179606436,0.368536536149645,0.00651486709566037,0.0399868499666945,0.05,0.000883883476483184,0,1,0,0,638,910,608,117,23,1,2,1
357,169.647345167947,171.005465817774,0.00800555203786566,0.499939997235164,12.3268939343693,0.1359375,0.0240625,0.04,1,28905.3591973861,0.378420809305817,0.00668959801005612,0.0399727383412807,0.05,0.000883883476483184,0,1,0,0,607,990,579,111,30,1,2,1
358,169.588903342392,170.977892117802,0.00819032818795458,0.499991660447529,12.36411760789,0.1346875,0.0246875,0.04,1,28881.6467170173,0.384513848743646,0.00679730874766926,0.0399871469932159,0.05,0.000883883476483184,0,1,0,0,645,992,616,129,22,1,2,1
359,169.608892823907,170.706702365878,0.00647259423543727,0.499990972752609,12.3159485913905,0.134375,0.02375,0.04,1,28883.6873448179,0.38868328992212,0.00687101475094569,0.0399703379873741,0.05,0.000883883476483184,0,1,0,0,578,918,539,133,23,1,2,1
360,169.563777872452,170.995843988309,0.00844558981773801,0.499991165686091,12.3170646938712,0.133125,0.02375,0.04,1,28867.7200733306,0.390920216552436,0.00691055840067852,0.0399807984746589,0.05,0.000883883476483184,0,1,0,0,634,913,598,125,22,1,2,1
361,169.622893535825,170.846215217999,0.00721200810028026,0.49999031631116,12.346125605133,0.133125,0.02375,0.04,1,28893.3146955152,0.379007368418429,0.00669996700820849,0.0399761025318843,0.05,0.000883883476483184,0,1,0,0,536,895,512,132,21,1,2,1
362,169.551076589762,170.928233282368,0.00812237067617496,0.499972881083559,12.2998565013725,0.133125,0.0234375,0.04,1,28856.5105850326,0.386736455897752,0.00683659926243381,0.0399834458777771,0.05,0.000883883476483184,0,1,0,0,685,1010,655,114,30,1,2,1
363,169.637451991837,170.777576073551,0.00672094557143648,0.499989294500365,12.3359461480951,0.133125,0.023125,0.04,1,28919.1244674796,0.398173742666938,0.00703878383825548,0.0399738646926267,0.05,0.000883883476483184,0,1,0,0,639,936,598,120,26,1,2,1
364,169.542083423259,170.702755387871,0.00684592250594273,0.499984754604176,12.3142899095456,0.1328125,0.0234375,0.04,1,28824.1837885657,0.371303310268135,0.00656377721419027,0.0399799892522089,0.05,0.000883883476483184,0,1,0,0,566,980,540,109,19,1,2,1
365,169.663259033009,170.514464553495,0.00501702917494984,0.499968756928965,12.3421754454667,0.1321875,0.0234375,0.04,1,28909.0354648735,0.373913352489795,0.00660991667804324,0.0399788396903291,0.05,0.000883883476483184,0,1,0,0,554,977,533,104,32,1,2,1
366,169.535587870529,170.592749510134,0.00623563260601554,0.499982185220791,12.3472583923032,0.1325,0.0228125,0.04,1,28839.4485230027,0.366817974829113,0.00648448693656955,0.0399793377670676,0.05,0.000883883476483184,0,1,0,0,509,920,476,102,19,1,2,1
367,169.680044134156,170.635794905506,0.00563266456127316,0.499988238102378,12.3420703648425,0.1321875,0.023125,0.04,1,28900.0086576988,0.358866375592724,0.00634392119303635,0.0399688542880382,0.05,0.000883883476483184,0,1,0,0,641,1719,595,104,21,1,2,1
368,169.550167523545,171.02756995527,0.00871365952215946,0.49998769560875,12.3561857462795,0.1325,0.023125,0.04,1,28833.727127169,0.363217563136117,0.00642084004849003,0.0399767756243646,0.05,0.000883883476483184,0,1,0,0,678,943,656,117,20,1,2,1
369,169.624901891136,171.035430493724,0.00831557505332169,0.499992616885809,12.3198475494908,0.1328125,0.0225,0.04,1,28891.3272355201,0.367571645484789,0.00649781007735481,0.0399710178402826,0.05,0.000883883476483184,0,1,0,0,581,934,563,113,23,1,2,1
370,169.527426366515,171.282443699199,0.0103524094614016,0.499991853725517,12.3336117923228,0.1334375,0.0221875,0.04,1,28842.4307999784,0.372905993742744,0.00659210892301507,0.0399708264393321,0.05,0.000883883476483184,0,1,0,0,605,905,581,114,22,1,2,1
371,169.603671133178,171.126629505916,0.00897951301739529,0.499972897084088,12.2894765163337,0.13375,0.0228125,0.04,1,28891.2198805433,0.374520285306698,0.00662064583580717,0.0399804391339433,0.05,0.000883883476483184,0,1,0,0,732,1002,705,149,23,1,2,1
372,169.571553049488,171.122691374636,0.00914739705601043,0.49998637060386,12.3238969709438,0.13375,0.0225,0.04,1,28864.3900608026,0.385022734840406,0.00680630466791602,0.0399630549444257,0.05,0.000883883476483184,0,1,0,0,720,1003,687,138,23,1,2,1
373,169.561643649019,170.772230864947,0.00713951097592755,0.499990011231912,12.267587570534,0.133125,0.0225,0.04,1,28893.3517307203,0.389625928385665,0.00688767840219019,0.0399781011269747,0.05,0.000883883476483184,0,1,0,0,757,992,746,127,21,1,2,1
374,169.551218845698,170.687980881427,0.00670453473273703,0.499990230480877,12.2784117563763,0.13375,0.0221875,0.04,1,28831.3702943168,0.359398410360667,0.00635332632784232,0.0399629896876793,0.05,0.000883883476483184,0,1,0,0,614,886,578,106,19,1,2,1
375,169.649233021627,170.461951664133,0.00479058247438267,0.499978734470507,12.3138740607262,0.13375,0.0225,0.04,1,28904.3183011035,0.362581616454039,0.00640959799320578,0.0399731648152249,0.05,0.000883883476483184,0,1,0,0,570,916,550,102,30,1,2,1
376,169.511374845634,170.492568523243,0.00578836481329061,0.499977200030175,12.3002767618935,0.133125,0.0228125,0.04,1,28848.382992288,0.372440830540619,0.00658388592165053,0.0399878338988156,0.05,0.000883883476483184,0,1,0,0,484,958,451,101,30,1,2,1
377,169.631819133989,170.441183682459,0.00477130147281431,0.499989379175089,12.3223915803578,0.133125,0.0221875,0.04,1,28884.8960351558,0.364767651468607,0.00644824199777358,0.0399712091318524,0.05,0.000883883476483184,0,1,0,0,520,1025,487,97,22,1,2,1
378,169.55318806389,170.572349094316,0.00601086326988826,0.499982764872211,12.3087898634319,0.1334375,0.0225,0.04,1,28839.5638191899,0.374799814404753,0.00662558725882651,0.0399614310555064,0.05,0.000883883476483184,0,1,0,0,444,939,413,102,32,1,2,1
379,169.660212085199,170.594795032808,0.00550855699237018,0.499977005916626,12.3275496608931,0.133125,0.0225,0.04,1,28888.3056316828,0.377938874671006,0.00668107852884702,0.0399720432131432,0.05,0.000883883476483184,0,1,0,0,734,1713,717,119,23,1,2,1
380,169.518458261189,170.868506383518,0.00796401840942021,0.49999214870342,12.2947007310402,0.133125,0.0221875,0.04,1,28828.8642152108,0.363556823587958,0.00642683738264216,0.0399585533664077,0.05,0.000883883476483184,0,1,0,0,664,1674,635,97,22,1,2,1
381,169.603972601431,170.903883734726,0.00766439083564343,0.499984564477393,12.2820601437755,0.133125,0.0221875,0.04,1,28887.6301935978,0.377622026305896,0.00667547738815761,0.039973472533871,0.05,0.000883883476483184,0,1,0,0,695,934,660,106,31,1,2,1
382,169.537361414914,170.897384260382,0.00802196538932409,0.499993867701551,12.2849717047673,0.133125,0.021875,0.04,1,28847.5404415125,0.377312028473429,0.00666999734892033,0.0399521043119505,0.05,0.000883883476483184,0,1,0,0,589,901,560,109,22,1,2,1
383,169.592309356807,170.749150808424,0.00682130844260545,0.499980923952696,12.2608999950721,0.133125,0.0221875,0.04,1,28887.2160428685,0.382480669482624,0.00676136687659834,0.039974765017103,0.05,0.000883883476483184,0,1,0,0,657,933,637,111,32,1,2,1
384,169.528113190673,170.695842549706,0.00688811629561007,0.499946242789607,12.2721408692689,0.133125,0.0221875,0.04,1,28856.6409982077,0.398294160303309,0.00704091254143679,0.0399569874646425,0.05,0.000883883476483184,0,1,0,0,596,915,569,115,30,1,2,1
385,169.615106352196,170.43824508417,0.00485298007752117,0.499989775156675,12.2797949668186,0.13375,0.0215625,0.04,1,28897.5345892002,0.401256939674539,0.0070932875760507,0.0399724895834626,0.05,0.000883883476483184,0,1,0,0,609,962,591,118,30,1,2,1
386,169.502256339817,170.436053951714,0.0055090571185375,0.4999913695538,12.2960389158086,0.13375,0.02125,0.04,1,28834.7095406686,0.398011351653895,0.00703591314359232,0.0399648906171645,0.05,0.000883883476483184,0,1,0,0,689,957,659,122,22,1,2,1
387,169.597971459455,170.29611990575,0.00411649054695266,0.499985746860779,12.2821826668233,0.1334375,0.0215625,0.04,1,28875.4300746683,0.39150596839793,0.00692091312822956,0.0399715806190744,0.05,0.000883883476483184,0,1,0,0,679,968,652,114,28,1,2,1
388,169.498800007972,170.283530986594,0.00462971406632335,0.49999207295227,12.2862464633789,0.1334375,0.0215625,0.04,1,28844.9014932662,0.387612691275297,0.00685208906186826,0.0399573600124872,0.05,0.000883883476483184,0,1,0,0,616,931,587,116,26,1,2,1
389,169.533827158286,170.200085999902,0.00392994632860928,0.499983802025966,12.3052093105235,0.13375,0.0215625,0.04,1,28863.0749357683,0.380370776443971,0.0067240688847181,0.0399769682998689,0.05,0.000883883476483184,0,1,0,0,651,966,618,117,23,1,2,1
390,169.437717078715,170.405731739185,0.00571310023033275,0.499970598609937,12.2988818259684,0.13375,0.0215625,0.04,1,28823.432350853,0.378810310523469,0.00669648348386317,0.0399398609484347,0.05,0.000883883476483184,0,1,0,0,592,1030,558,114,32,1,2,1
391,169.552718008028,170.400261328213,0.00499870087688671,0.499982531302269,12.309026690228,0.13375,0.0215625,0.04,1,28867.9266339642,0.376074933905399,0.00664812839996976,0.0399713590550523,0.05,0.000883883476483184,0,1,0,0,550,1712,512,110,29,1,2,1
392,169.470938921564,170.532445479988,0.00626364947984181,0.499986768003279,12.2806169941666,0.13375,0.021875,0.04,1,28817.4124561753,0.362858883783622,0.00641449943342952,0.0399482666336115,0.05,0.000883883476483184,0,1,0,0,466,967,446,106,24,1,2,1
393,169.588712418033,170.503274613568,0.00539282469036284,0.499976433466685,12.2921236517586,0.13375,0.021875,0.04,1,28869.434294397,0.368198041992114,0.00650888330780583,0.039974824960161,0.05,0.000883883476483184,0,1,0,0,474,917,440,105,31,1,2,1
394,169.482401035315,170.617535036035,0.00669765116487475,0.499988013842998,12.2749798456986,0.134375,0.02125,0.04,1,28831.8174498046,0.378436937689346,0.00668988312229018,0.0399796696222573,0.05,0.000883883476483184,0,1,0,0,541,888,521,107,33,1,2,1
395,169.577199384657,170.613806048847,0.00611288939757746,0.499989988319629,12.2794566886001,0.1346875,0.020625,0.04,1,28885.4970855582,0.379756191981432,0.00671320446369127,0.0399693798349144,0.05,0.000883883476483184,0,1,0,0,568,954,525,115,24,1,2,1
396,169.467795115407,170.664247111383,0.00706005524625783,0.499988531783083,12.2440576508948,0.1340625,0.0196875,0.04,1,28818.4620909068,0.383290837777794,0.00677568876398378,0.0399717456192192,0.05,0.000883883476483184,0,1,0,0,641,969,608,115,25,1,2,1
397,169.621200527557,170.478426412584,0.00505376617050924,0.499988040584926,12.2430695838016,0.1346875,0.019375,0.04,1,28893.4254494248,0.38873868285087,0.00687199396883442,0.0399727308687346,0.05,0.000883883476483184,0,1,0,0,577,971,545,109,30,1,2,1
398,169.507292758919,170.409484340708,0.00532243520089517,0.499960667242087,12.2703424624417,0.13375,0.0184375,0.04,1,28847.9919509576,0.394480599359776,0.00697349767134578,0.0399641107156737,0.05,0.000883883476483184,0,1,0,0,611,1113,582,114,27,1,2,1
399,169.565927315799,170.247702112464,0.00402070632618851,0.499972443398137,12.258161217629,0.1340625,0.0184375,0.04,1,28885.0043101081,0.392268917079736,0.00693440028289462,0.0399748424107503,0.05,0.000883883476483184,0,1,0,0,565,960,539,118,30,1,2,1
400,169.480180375229,170.453489422869,0.00574290778712294,0.499947122733507,12.2754329897822,0.135,0.018125,0.04,1,28842.6969126965,0.393777992563446,0.00696107722059096,0.0399827143220016,0.05,0.000883883476483184,0,1,0,0,584,981,550,112,30,1,2,1
