outer,Mnd_percent,gray_fraction,mid_fraction,broad_core_fraction
1.000000000000000000e+00,9.974719156651696039e+01,1.000000000000000000e+00,1.000000000000000000e+00,1.000000000000000000e+00
2.000000000000000000e+00,9.901769251766464208e+01,1.000000000000000000e+00,1.000000000000000000e+00,1.000000000000000000e+00
3.000000000000000000e+00,9.782663237823754798e+01,1.000000000000000000e+00,7.411111111111111649e-01,1.000000000000000000e+00
4.000000000000000000e+00,9.624094613569366174e+01,1.000000000000000000e+00,6.277777777777777679e-01,1.000000000000000000e+00
5.000000000000000000e+00,9.426730854849118657e+01,1.000000000000000000e+00,5.534722222222222543e-01,1.000000000000000000e+00
6.000000000000000000e+00,9.201688291973769651e+01,1.000000000000000000e+00,4.934722222222222010e-01,1.000000000000000000e+00
7.000000000000000000e+00,8.957738458216070399e+01,1.000000000000000000e+00,4.488888888888888928e-01,1.000000000000000000e+00
8.000000000000000000e+00,8.694417943076453525e+01,1.000000000000000000e+00,4.209722222222222476e-01,1.000000000000000000e+00
9.000000000000000000e+00,8.428621362344564716e+01,1.000000000000000000e+00,3.948611111111111072e-01,1.000000000000000000e+00
1.000000000000000000e+01,8.167057696829547808e+01,1.000000000000000000e+00,3.765277777777777946e-01,1.000000000000000000e+00
1.100000000000000000e+01,7.900644837583882918e+01,8.969444444444444331e-01,3.709722222222222032e-01,8.245833333333333348e-01
1.200000000000000000e+01,7.628207269318345141e+01,8.504166666666667096e-01,3.576388888888888951e-01,7.644444444444444819e-01
1.300000000000000000e+01,7.373789395689483683e+01,8.216666666666666563e-01,3.490277777777777701e-01,7.291666666666666297e-01
1.400000000000000000e+01,7.184421714095999789e+01,7.990277777777777812e-01,3.497222222222222121e-01,7.016666666666666607e-01
1.500000000000000000e+01,7.025914231399683274e+01,7.808333333333333792e-01,3.452777777777777946e-01,6.797222222222222276e-01
1.600000000000000000e+01,6.885172287032212068e+01,7.600000000000000089e-01,3.443055555555555314e-01,6.552777777777777368e-01
1.700000000000000000e+01,6.757448485856318143e+01,7.438888888888889328e-01,3.455555555555555602e-01,6.365277777777778034e-01
1.800000000000000000e+01,6.646570731446134062e+01,7.320833333333333082e-01,3.466666666666666785e-01,6.227777777777777635e-01
1.900000000000000000e+01,6.539060937700709530e+01,7.191666666666666208e-01,3.470833333333333548e-01,6.077777777777777501e-01
2.000000000000000000e+01,6.438826807640799643e+01,7.098611111111111649e-01,3.456944444444444708e-01,5.970833333333332993e-01
2.100000000000000000e+01,6.355898161343617403e+01,6.958333333333333037e-01,3.412499999999999978e-01,5.806944444444444020e-01
2.200000000000000000e+01,6.292244444533642422e+01,6.903472222222222232e-01,3.315972222222222099e-01,5.759722222222222188e-01
2.300000000000000000e+01,6.229368285430283692e+01,6.820138888888889195e-01,3.238888888888888928e-01,5.709722222222222143e-01
2.400000000000000000e+01,6.185627617322167993e+01,6.780555555555555225e-01,3.186805555555555780e-01,5.677083333333333703e-01
2.500000000000000000e+01,6.140518523242381832e+01,6.743055555555556024e-01,3.145833333333333259e-01,5.648611111111111471e-01
2.600000000000000000e+01,6.098096635100326068e+01,6.689583333333333215e-01,3.111111111111111160e-01,5.622916666666666341e-01
2.700000000000000000e+01,6.054292288542944078e+01,6.654166666666666563e-01,3.084722222222222032e-01,5.591666666666667007e-01
2.800000000000000000e+01,6.016086200113394256e+01,6.623611111111110672e-01,3.059027777777778012e-01,5.570138888888889195e-01
2.900000000000000000e+01,5.971193145336491881e+01,6.570833333333333526e-01,3.013888888888888729e-01,5.542361111111111516e-01
3.000000000000000000e+01,5.933252262499693330e+01,6.502777777777777324e-01,2.976388888888888973e-01,5.429166666666667140e-01
3.100000000000000000e+01,5.889867150398688977e+01,6.437500000000000444e-01,2.938888888888888662e-01,5.354861111111111072e-01
3.200000000000000000e+01,5.854697036747834460e+01,6.395138888888889372e-01,2.935416666666666452e-01,5.309027777777777235e-01
3.300000000000000000e+01,5.824745938615399865e+01,6.361805555555555269e-01,2.923611111111111271e-01,5.280555555555555003e-01
3.400000000000000000e+01,5.789049241727746420e+01,6.318055555555555092e-01,2.911111111111110983e-01,5.236805555555555935e-01
3.500000000000000000e+01,5.758679575269378859e+01,6.286805555555555758e-01,2.911805555555555536e-01,5.211111111111110805e-01
3.600000000000000000e+01,5.722513851799908480e+01,6.249305555555555447e-01,2.893749999999999933e-01,5.170833333333333393e-01
3.700000000000000000e+01,5.689804612396820716e+01,6.206249999999999822e-01,2.883333333333333304e-01,5.124305555555555003e-01
3.800000000000000000e+01,5.661572603175456209e+01,6.168055555555556069e-01,2.879166666666666541e-01,5.093055555555555669e-01
3.900000000000000000e+01,5.633662721027865672e+01,6.118749999999999467e-01,2.875694444444444331e-01,5.051388888888889150e-01
4.000000000000000000e+01,5.602672904324732883e+01,6.085416666666666474e-01,2.861111111111110938e-01,5.024999999999999467e-01
4.100000000000000000e+01,5.578264029966108239e+01,6.065277777777777768e-01,2.861111111111110938e-01,5.002777777777778212e-01
4.200000000000000000e+01,5.547696176777968446e+01,6.040972222222221744e-01,2.855555555555555625e-01,4.971527777777777768e-01
4.300000000000000000e+01,5.527222640506466433e+01,6.010416666666666963e-01,2.852777777777777968e-01,4.938888888888888773e-01
4.400000000000000000e+01,5.503959188392715163e+01,5.993055555555555358e-01,2.841666666666666785e-01,4.924305555555555380e-01
4.500000000000000000e+01,5.473221720831062953e+01,5.960416666666666918e-01,2.825694444444444287e-01,4.885416666666666519e-01
4.600000000000000000e+01,5.445071277722306746e+01,5.934027777777777235e-01,2.820833333333333526e-01,4.854166666666666630e-01
4.700000000000000000e+01,5.427202457550210823e+01,5.918750000000000400e-01,2.817361111111111316e-01,4.836111111111111027e-01
4.800000000000000000e+01,5.406101419821142429e+01,5.893749999999999822e-01,2.817361111111111316e-01,4.812500000000000111e-01
4.900000000000000000e+01,5.385864747947714193e+01,5.877777777777777324e-01,2.818055555555555314e-01,4.793055555555555403e-01
5.000000000000000000e+01,5.363837968507196763e+01,5.858333333333333171e-01,2.809027777777777790e-01,4.765277777777777724e-01
5.100000000000000000e+01,5.342476733374729037e+01,5.838194444444444464e-01,2.811805555555555447e-01,4.743055555555555358e-01
5.200000000000000000e+01,5.323879801709300352e+01,5.818750000000000311e-01,2.815277777777777657e-01,4.724999999999999756e-01
5.300000000000000000e+01,5.303448554785541091e+01,5.797222222222222499e-01,2.818055555555555314e-01,4.689583333333333104e-01
5.400000000000000000e+01,5.283751019800420323e+01,5.779861111111110894e-01,2.815972222222222210e-01,4.670833333333333504e-01
5.500000000000000000e+01,5.264459006293748189e+01,5.765277777777777501e-01,2.818749999999999867e-01,4.651388888888888795e-01
5.600000000000000000e+01,5.237639507747985590e+01,5.736111111111110716e-01,2.815972222222222210e-01,4.616666666666666696e-01
5.700000000000000000e+01,5.212622564461495500e+01,5.710416666666666696e-01,2.820833333333333526e-01,4.579166666666666941e-01
5.800000000000000000e+01,5.188707233036501520e+01,5.688194444444444331e-01,2.823611111111111183e-01,4.545138888888888840e-01
5.900000000000000000e+01,5.171684201269920322e+01,5.670833333333333837e-01,2.828472222222222499e-01,4.521527777777777923e-01
6.000000000000000000e+01,5.155130619325923647e+01,5.651388888888888573e-01,2.834027777777777812e-01,4.489583333333333481e-01
6.100000000000000000e+01,5.129903507069754198e+01,5.624305555555555447e-01,2.843055555555555336e-01,4.450000000000000067e-01
6.200000000000000000e+01,5.106495261194297086e+01,5.593749999999999556e-01,2.849305555555555758e-01,4.396527777777777812e-01
6.300000000000000000e+01,5.091054781193891898e+01,5.572222222222221744e-01,2.849999999999999756e-01,4.359722222222222054e-01
6.400000000000000000e+01,5.068296704696285815e+01,5.545833333333333171e-01,2.861805555555555491e-01,4.313888888888888773e-01
6.500000000000000000e+01,5.048083810741785982e+01,5.519444444444444597e-01,2.856944444444444176e-01,4.224305555555555314e-01
6.600000000000000000e+01,5.033156909030245174e+01,5.486805555555555047e-01,2.848611111111111205e-01,4.147916666666666696e-01
6.700000000000000000e+01,5.012976438974665427e+01,5.452083333333332948e-01,2.849999999999999756e-01,4.045833333333333504e-01
6.800000000000000000e+01,4.997848804324229377e+01,5.410416666666666430e-01,2.849305555555555758e-01,4.000000000000000222e-01
6.900000000000000000e+01,4.977650888877782620e+01,5.381944444444444198e-01,2.840972222222222232e-01,3.964583333333333570e-01
7.000000000000000000e+01,4.952838032716412897e+01,5.339583333333333126e-01,2.820138888888888973e-01,3.918055555555555736e-01
7.100000000000000000e+01,4.933507433019171629e+01,5.306250000000000133e-01,2.794444444444444398e-01,3.889583333333333504e-01
7.200000000000000000e+01,4.912514109471860024e+01,5.274305555555555136e-01,2.780555555555555558e-01,3.859027777777777612e-01
7.300000000000000000e+01,4.890736878627019735e+01,5.242361111111111249e-01,2.766666666666666718e-01,3.826388888888888618e-01
7.400000000000000000e+01,4.868883827194261471e+01,5.220138888888888884e-01,2.752777777777777879e-01,3.812499999999999778e-01
7.500000000000000000e+01,4.843903769228840872e+01,5.198611111111111072e-01,2.736111111111111382e-01,3.789583333333333415e-01
7.600000000000000000e+01,4.828894298854410749e+01,5.184027777777777679e-01,2.734027777777777724e-01,3.773611111111110916e-01
7.700000000000000000e+01,4.813573129276777252e+01,5.166666666666667185e-01,2.727083333333333304e-01,3.756944444444444420e-01
7.800000000000000000e+01,4.792605106637495282e+01,5.142361111111111160e-01,2.729166666666666408e-01,3.740277777777777923e-01
7.900000000000000000e+01,4.773730064925925376e+01,5.123611111111111560e-01,2.727777777777777857e-01,3.725694444444444531e-01
8.000000000000000000e+01,4.752323297318998385e+01,5.097222222222221877e-01,2.722222222222221988e-01,3.698611111111110850e-01
8.100000000000000000e+01,4.732085474599182362e+01,5.077777777777777724e-01,2.715972222222222121e-01,3.679861111111111249e-01
8.200000000000000000e+01,4.712552600178295847e+01,5.056249999999999911e-01,2.708333333333333148e-01,3.663194444444444198e-01
8.300000000000000000e+01,4.698642072034623141e+01,5.042361111111111072e-01,2.704861111111110938e-01,3.653472222222222121e-01
8.400000000000000000e+01,4.694320034694572996e+01,5.036805555555555758e-01,2.704166666666666941e-01,3.650694444444444464e-01
8.500000000000000000e+01,4.682276537810191286e+01,5.022222222222222365e-01,2.705555555555555491e-01,3.635416666666666519e-01
8.600000000000000000e+01,4.663320854533508708e+01,5.003472222222222765e-01,2.699305555555555625e-01,3.616666666666666918e-01
8.700000000000000000e+01,4.656051497023572239e+01,4.996527777777777790e-01,2.699305555555555625e-01,3.610416666666666496e-01
8.800000000000000000e+01,4.644027867874333282e+01,4.986805555555555713e-01,2.699305555555555625e-01,3.603472222222222077e-01
8.900000000000000000e+01,4.625389014299710766e+01,4.977083333333333082e-01,2.693055555555555758e-01,3.595138888888889106e-01
9.000000000000000000e+01,4.613149023005846061e+01,4.962500000000000244e-01,2.686111111111111338e-01,3.584722222222222476e-01
9.100000000000000000e+01,4.602771187992937030e+01,4.946527777777777746e-01,2.676388888888888706e-01,3.575694444444444398e-01
9.200000000000000000e+01,4.589904114253169354e+01,4.936805555555555669e-01,2.670138888888888840e-01,3.566666666666666874e-01
9.300000000000000000e+01,4.573901632845116438e+01,4.918750000000000067e-01,2.663194444444444420e-01,3.547222222222222165e-01
9.400000000000000000e+01,4.562626104197967436e+01,4.908333333333333437e-01,2.659027777777777657e-01,3.538888888888888640e-01
9.500000000000000000e+01,4.543877725698344960e+01,4.897222222222222254e-01,2.665277777777777524e-01,3.526388888888888906e-01
9.600000000000000000e+01,4.529087784815960305e+01,4.874999999999999889e-01,2.654166666666666896e-01,3.502083333333333437e-01
9.700000000000000000e+01,4.512548228577586684e+01,4.854166666666666630e-01,2.645833333333333370e-01,3.487500000000000044e-01
9.800000000000000000e+01,4.499031181278220259e+01,4.843055555555555447e-01,2.636805555555555292e-01,3.477777777777777968e-01
9.900000000000000000e+01,4.481391523253220299e+01,4.820138888888889084e-01,2.637499999999999845e-01,3.458333333333333259e-01
1.000000000000000000e+02,4.471686496852938575e+01,4.810416666666666452e-01,2.639583333333333504e-01,3.450694444444444287e-01
1.010000000000000000e+02,4.455352740689176727e+01,4.798611111111111271e-01,2.636111111111111294e-01,3.434722222222222343e-01
1.020000000000000000e+02,4.445758376596879202e+01,4.793055555555555403e-01,2.632638888888889084e-01,3.428472222222222476e-01
1.030000000000000000e+02,4.431792471055833715e+01,4.782638888888888773e-01,2.631249999999999978e-01,3.418749999999999845e-01
1.040000000000000000e+02,4.423983671710687560e+01,4.776388888888888906e-01,2.635416666666666741e-01,3.412499999999999978e-01
1.050000000000000000e+02,4.407595557277866760e+01,4.765277777777777724e-01,2.639583333333333504e-01,3.405555555555555558e-01
1.060000000000000000e+02,4.394784829847101548e+01,4.749999999999999778e-01,2.640277777777777501e-01,3.393749999999999822e-01
1.070000000000000000e+02,4.378871385202129574e+01,4.736111111111110938e-01,2.636111111111111294e-01,3.382638888888888640e-01
1.080000000000000000e+02,4.364841680210491148e+01,4.725694444444444309e-01,2.640277777777777501e-01,3.372916666666666563e-01
1.090000000000000000e+02,4.348714241197842512e+01,4.718749999999999889e-01,2.640972222222222054e-01,3.368055555555555802e-01
1.100000000000000000e+02,4.329491499324610260e+01,4.697916666666666630e-01,2.647222222222222476e-01,3.352777777777777857e-01
1.110000000000000000e+02,4.322572620374991459e+01,4.691666666666666763e-01,2.657638888888889106e-01,3.348611111111111094e-01
1.120000000000000000e+02,4.300414755830383484e+01,4.684027777777777790e-01,2.663888888888888973e-01,3.340972222222222121e-01
1.130000000000000000e+02,4.280553602043841721e+01,4.669444444444444398e-01,2.669444444444444287e-01,3.282638888888889106e-01
1.140000000000000000e+02,4.265744468389549127e+01,4.650694444444444242e-01,2.675694444444444708e-01,3.227083333333333193e-01
1.150000000000000000e+02,4.250559138692335637e+01,4.627083333333333326e-01,2.682638888888889128e-01,3.188194444444444331e-01
1.160000000000000000e+02,4.233217568951707932e+01,4.602777777777777857e-01,2.683333333333333126e-01,3.128472222222222210e-01
1.170000000000000000e+02,4.214281087830793382e+01,4.579166666666666941e-01,2.685416666666666785e-01,3.085416666666666585e-01
1.180000000000000000e+02,4.195080269094049896e+01,4.550694444444444708e-01,2.684722222222222232e-01,3.040972222222222410e-01
1.190000000000000000e+02,4.176063814676744101e+01,4.529166666666666896e-01,2.679861111111110916e-01,3.010416666666666519e-01
1.200000000000000000e+02,4.154899986448807425e+01,4.509027777777777635e-01,2.683333333333333126e-01,2.980555555555555736e-01
1.210000000000000000e+02,4.136420501951446482e+01,4.482638888888889062e-01,2.683333333333333126e-01,2.941666666666666874e-01
1.220000000000000000e+02,4.116201454866453702e+01,4.461111111111111249e-01,2.672916666666666496e-01,2.909027777777777879e-01
1.230000000000000000e+02,4.095437696771628566e+01,4.435416666666666674e-01,2.666666666666666630e-01,2.874305555555555780e-01
1.240000000000000000e+02,4.071987987216380844e+01,4.409027777777777546e-01,2.656250000000000000e-01,2.844444444444444442e-01
1.250000000000000000e+02,4.049757829130554398e+01,4.384027777777777524e-01,2.646527777777777923e-01,2.810416666666666896e-01
1.260000000000000000e+02,4.026258639212766610e+01,4.360416666666666607e-01,2.638888888888888951e-01,2.783333333333333215e-01
1.270000000000000000e+02,4.003934516382346231e+01,4.339583333333333348e-01,2.625694444444444664e-01,2.753472222222222432e-01
1.280000000000000000e+02,3.977892710846420954e+01,4.314583333333333326e-01,2.615972222222222032e-01,2.731944444444444620e-01
1.290000000000000000e+02,3.951204386858957207e+01,4.284027777777777990e-01,2.598611111111110983e-01,2.691666666666666652e-01
1.300000000000000000e+02,3.926618688867822016e+01,4.256249999999999756e-01,2.589583333333333459e-01,2.675694444444444708e-01
1.310000000000000000e+02,3.899277487611965398e+01,4.223611111111111316e-01,2.578472222222222276e-01,2.645833333333333370e-01
1.320000000000000000e+02,3.874167636723615971e+01,4.184027777777777901e-01,2.565972222222221988e-01,2.613888888888888928e-01
1.330000000000000000e+02,3.845667995712729947e+01,4.120138888888889017e-01,2.550000000000000044e-01,2.587499999999999800e-01
1.340000000000000000e+02,3.816899371561664367e+01,4.076388888888888840e-01,2.532638888888888995e-01,2.554861111111111360e-01
1.350000000000000000e+02,3.788995980563859689e+01,4.022222222222222032e-01,2.521527777777777812e-01,2.528472222222222232e-01
1.360000000000000000e+02,3.764279036001676104e+01,3.995138888888888906e-01,2.501388888888889106e-01,2.508333333333333526e-01
1.370000000000000000e+02,3.743646288580663395e+01,3.979166666666666408e-01,2.470833333333333215e-01,2.495138888888888962e-01
1.380000000000000000e+02,3.725154817952927289e+01,3.963194444444444464e-01,2.450694444444444509e-01,2.482638888888888951e-01
1.390000000000000000e+02,3.708456162986929883e+01,3.948611111111111072e-01,2.413888888888888751e-01,2.472222222222222321e-01
1.400000000000000000e+02,3.694111300889960603e+01,3.937499999999999889e-01,2.397222222222222254e-01,2.460416666666666585e-01
1.410000000000000000e+02,3.679617574489319054e+01,3.922222222222222499e-01,2.375694444444444442e-01,2.452083333333333337e-01
1.420000000000000000e+02,3.666132466948503321e+01,3.913194444444444420e-01,2.364583333333333259e-01,2.442361111111110983e-01
1.430000000000000000e+02,3.651086271564502539e+01,3.897916666666666474e-01,2.343750000000000000e-01,2.429861111111111249e-01
1.440000000000000000e+02,3.640897092465629470e+01,3.887499999999999845e-01,2.334722222222222199e-01,2.423611111111111105e-01
1.450000000000000000e+02,3.630517197922743833e+01,3.877777777777777768e-01,2.330555555555555436e-01,2.415972222222222132e-01
1.460000000000000000e+02,3.619696262962016675e+01,3.871527777777777901e-01,2.320138888888888806e-01,2.410416666666666541e-01
1.470000000000000000e+02,3.610382528230913834e+01,3.865972222222222032e-01,2.308333333333333348e-01,2.406250000000000056e-01
1.480000000000000000e+02,3.600724480913950742e+01,3.852777777777777746e-01,2.302083333333333204e-01,2.394444444444444320e-01
1.490000000000000000e+02,3.591796358113814591e+01,3.838194444444444353e-01,2.294444444444444509e-01,2.381944444444444309e-01
1.500000000000000000e+02,3.582242519462700869e+01,3.825694444444444620e-01,2.286805555555555536e-01,2.349305555555555591e-01
1.510000000000000000e+02,3.572979440464718692e+01,3.816666666666666541e-01,2.278472222222222288e-01,2.338888888888888962e-01
1.520000000000000000e+02,3.564109920968995482e+01,3.798611111111110938e-01,2.269444444444444486e-01,2.327777777777777779e-01
1.530000000000000000e+02,3.554738109160987847e+01,3.789583333333333415e-01,2.254166666666666541e-01,2.315972222222222321e-01
1.540000000000000000e+02,3.546112180445472006e+01,3.782638888888888995e-01,2.247222222222222121e-01,2.310416666666666730e-01
1.550000000000000000e+02,3.537771620772323899e+01,3.775694444444444575e-01,2.244444444444444464e-01,2.300694444444444375e-01
1.560000000000000000e+02,3.528795326968898394e+01,3.766666666666666496e-01,2.230555555555555625e-01,2.290277777777777746e-01
1.570000000000000000e+02,3.519990870125835869e+01,3.752777777777777657e-01,2.218749999999999889e-01,2.273611111111111249e-01
1.580000000000000000e+02,3.511206402878813293e+01,3.747222222222222343e-01,2.205555555555555602e-01,2.268749999999999933e-01
1.590000000000000000e+02,3.502222753080438622e+01,3.739583333333333370e-01,2.193055555555555591e-01,2.257638888888888751e-01
1.600000000000000000e+02,3.492919044673637785e+01,3.731944444444444398e-01,2.184027777777777790e-01,2.252083333333333437e-01
1.610000000000000000e+02,3.484269335215400076e+01,3.722222222222222321e-01,2.174999999999999989e-01,2.240277777777777701e-01
1.620000000000000000e+02,3.474868661861042085e+01,3.717361111111111005e-01,2.167361111111111016e-01,2.230555555555555625e-01
1.630000000000000000e+02,3.466383320265573786e+01,3.704861111111111271e-01,2.159027777777777768e-01,2.214583333333333404e-01
1.640000000000000000e+02,3.456962213876116863e+01,3.694444444444444642e-01,2.145138888888888928e-01,2.200694444444444564e-01
1.650000000000000000e+02,3.447758757938687779e+01,3.689583333333333326e-01,2.137499999999999956e-01,2.189583333333333381e-01
1.660000000000000000e+02,3.438238029701388143e+01,3.685416666666666563e-01,2.128472222222222154e-01,2.181944444444444409e-01
1.670000000000000000e+02,3.428871168945583037e+01,3.675694444444444486e-01,2.116666666666666696e-01,2.159722222222222321e-01
1.680000000000000000e+02,3.419367643930567624e+01,3.661805555555555647e-01,2.104166666666666685e-01,2.148611111111111138e-01
1.690000000000000000e+02,3.409814145812333663e+01,3.649999999999999911e-01,2.096527777777777712e-01,2.138888888888888784e-01
1.700000000000000000e+02,3.400978834410794605e+01,3.640972222222222388e-01,2.090277777777777846e-01,2.126388888888888773e-01
1.710000000000000000e+02,3.390965454082196828e+01,3.632638888888888862e-01,2.086805555555555636e-01,2.102777777777777857e-01
1.720000000000000000e+02,3.381936405992777850e+01,3.624999999999999889e-01,2.081250000000000044e-01,2.090972222222222121e-01
1.730000000000000000e+02,3.371696670970371201e+01,3.611805555555555602e-01,2.074999999999999900e-01,2.078472222222222110e-01
1.740000000000000000e+02,3.361848649963425117e+01,3.599305555555555314e-01,2.070833333333333415e-01,2.064583333333333270e-01
1.750000000000000000e+02,3.352832850015589372e+01,3.593055555555555447e-01,2.069444444444444309e-01,2.049999999999999878e-01
1.760000000000000000e+02,3.343417257480625437e+01,3.585416666666666474e-01,2.060416666666666785e-01,2.044444444444444564e-01
1.770000000000000000e+02,3.334323511911858162e+01,3.578472222222222054e-01,2.050694444444444431e-01,2.017361111111111160e-01
1.780000000000000000e+02,3.324929899999219174e+01,3.568055555555555425e-01,2.042361111111111183e-01,2.005555555555555425e-01
1.790000000000000000e+02,3.316468747856692545e+01,3.560416666666666452e-01,2.036805555555555591e-01,1.993749999999999967e-01
1.800000000000000000e+02,3.307004777805466489e+01,3.552777777777778034e-01,2.029861111111111172e-01,1.986111111111110994e-01
1.810000000000000000e+02,3.297794941782573375e+01,3.538194444444444642e-01,2.026388888888888962e-01,1.968749999999999944e-01
1.820000000000000000e+02,3.290305247743055617e+01,3.528472222222222010e-01,2.023611111111111027e-01,1.953472222222222276e-01
1.830000000000000000e+02,3.280402328510073318e+01,3.515277777777777724e-01,2.020833333333333370e-01,1.945833333333333304e-01
1.840000000000000000e+02,3.273576336662242170e+01,3.509027777777777857e-01,2.020833333333333370e-01,1.940277777777777712e-01
1.850000000000000000e+02,3.263549742770614159e+01,3.502083333333333437e-01,2.013194444444444398e-01,1.928472222222222254e-01
1.860000000000000000e+02,3.255325215017688123e+01,3.497222222222222121e-01,2.010416666666666741e-01,1.920138888888889006e-01
1.870000000000000000e+02,3.246991578301735615e+01,3.490277777777777701e-01,2.010416666666666741e-01,1.913888888888888862e-01
1.880000000000000000e+02,3.239135783251548162e+01,3.486111111111110938e-01,2.006944444444444531e-01,1.905555555555555614e-01
1.890000000000000000e+02,3.231378432099705122e+01,3.481944444444444176e-01,1.996527777777777901e-01,1.895833333333333259e-01
1.900000000000000000e+02,3.223848057375027309e+01,3.471527777777777546e-01,1.993055555555555691e-01,1.879166666666666763e-01
1.910000000000000000e+02,3.214897956905483767e+01,3.461805555555555469e-01,1.989583333333333204e-01,1.870833333333333237e-01
1.920000000000000000e+02,3.206427523000440516e+01,3.453472222222222499e-01,1.986805555555555547e-01,1.863888888888888817e-01
1.930000000000000000e+02,3.198356336837346348e+01,3.448611111111111183e-01,1.987500000000000100e-01,1.854861111111111016e-01
1.940000000000000000e+02,3.190147107832239115e+01,3.440277777777777657e-01,1.988888888888888928e-01,1.849305555555555425e-01
1.950000000000000000e+02,3.181999334508121535e+01,3.431944444444444686e-01,1.986111111111110994e-01,1.842361111111111005e-01
1.960000000000000000e+02,3.173706725433277498e+01,3.420833333333333504e-01,1.980555555555555680e-01,1.835416666666666585e-01
1.970000000000000000e+02,3.166049178760609450e+01,3.412499999999999978e-01,1.979861111111111127e-01,1.829166666666666718e-01
1.980000000000000000e+02,3.157937037284821358e+01,3.402083333333333348e-01,1.980555555555555680e-01,1.818055555555555536e-01
1.990000000000000000e+02,3.150197418944561889e+01,3.392361111111111271e-01,1.975694444444444364e-01,1.810416666666666563e-01
2.000000000000000000e+02,3.143520148598138420e+01,3.382638888888888640e-01,1.972916666666666707e-01,1.800694444444444486e-01
2.010000000000000000e+02,3.136254822105371076e+01,3.374305555555555669e-01,1.967361111111111116e-01,1.790972222222222132e-01
2.020000000000000000e+02,3.129069608601167118e+01,3.365972222222222143e-01,1.956249999999999933e-01,1.781250000000000056e-01
2.030000000000000000e+02,3.121893652404313357e+01,3.357638888888888618e-01,1.952777777777777724e-01,1.775694444444444464e-01
2.040000000000000000e+02,3.114901087522061829e+01,3.348611111111111094e-01,1.947222222222222132e-01,1.765972222222222110e-01
2.050000000000000000e+02,3.108037388484546781e+01,3.338888888888889017e-01,1.945833333333333304e-01,1.763194444444444453e-01
2.060000000000000000e+02,3.101191311537987616e+01,3.334027777777777701e-01,1.943055555555555647e-01,1.759722222222222243e-01
2.070000000000000000e+02,3.094352796575783771e+01,3.327083333333333282e-01,1.938888888888888884e-01,1.751388888888888995e-01
2.080000000000000000e+02,3.087620772698705451e+01,3.318055555555555758e-01,1.935416666666666674e-01,1.745138888888888851e-01
2.090000000000000000e+02,3.080920368779131024e+01,3.311805555555555336e-01,1.934027777777777846e-01,1.737499999999999878e-01
2.100000000000000000e+02,3.073556577662912659e+01,3.302083333333333259e-01,1.934722222222222121e-01,1.726388888888888973e-01
2.110000000000000000e+02,3.066981975402399030e+01,3.293749999999999734e-01,1.937500000000000056e-01,1.721527777777777657e-01
2.120000000000000000e+02,3.060513472411791014e+01,3.286111111111111316e-01,1.931944444444444464e-01,1.710416666666666752e-01
2.130000000000000000e+02,3.053969628745166887e+01,3.278472222222222343e-01,1.925000000000000044e-01,1.705555555555555436e-01
2.140000000000000000e+02,3.047887922643916525e+01,3.268750000000000266e-01,1.925000000000000044e-01,1.699305555555555569e-01
2.150000000000000000e+02,3.041858844157158259e+01,3.267361111111111160e-01,1.922222222222222110e-01,1.698611111111111016e-01
2.160000000000000000e+02,3.035788049752034468e+01,3.262499999999999845e-01,1.917361111111111072e-01,1.692361111111111149e-01
2.170000000000000000e+02,3.030042227218407547e+01,3.253472222222222321e-01,1.912500000000000033e-01,1.688194444444444386e-01
2.180000000000000000e+02,3.024374925764755062e+01,3.246527777777777901e-01,1.908333333333333270e-01,1.675000000000000100e-01
2.190000000000000000e+02,3.019648805056473506e+01,3.240972222222222032e-01,1.905555555555555614e-01,1.666666666666666574e-01
2.200000000000000000e+02,3.013988850866662261e+01,3.232638888888889062e-01,1.900694444444444575e-01,1.656944444444444497e-01
2.210000000000000000e+02,3.008228088842519909e+01,3.224305555555555536e-01,1.902083333333333404e-01,1.649305555555555525e-01
2.220000000000000000e+02,3.002564123424778941e+01,3.218750000000000222e-01,1.896527777777777812e-01,1.644444444444444486e-01
2.230000000000000000e+02,2.997236290663796865e+01,3.211805555555555802e-01,1.888888888888888840e-01,1.637500000000000067e-01
2.240000000000000000e+02,2.991811555202531636e+01,3.210416666666666696e-01,1.882638888888888973e-01,1.636805555555555514e-01
2.250000000000000000e+02,2.986202274272606161e+01,3.204166666666666829e-01,1.872916666666666619e-01,1.629166666666666541e-01
2.260000000000000000e+02,2.980727891844164290e+01,3.197916666666666408e-01,1.861805555555555436e-01,1.623611111111111227e-01
2.270000000000000000e+02,2.975339497476376494e+01,3.190972222222221988e-01,1.855555555555555569e-01,1.620833333333333293e-01
2.280000000000000000e+02,2.970409510342038573e+01,3.182638888888889017e-01,1.848611111111111149e-01,1.600000000000000033e-01
2.290000000000000000e+02,2.965537506986575167e+01,3.179166666666666807e-01,1.840277777777777901e-01,1.591666666666666785e-01
2.300000000000000000e+02,2.960376757374847401e+01,3.171527777777777835e-01,1.836805555555555691e-01,1.582638888888888984e-01
2.310000000000000000e+02,2.955357589783242389e+01,3.163194444444444309e-01,1.828472222222222165e-01,1.575694444444444564e-01
2.320000000000000000e+02,2.950353738002892712e+01,3.154861111111111338e-01,1.820138888888888917e-01,1.571527777777777801e-01
2.330000000000000000e+02,2.945686620789773613e+01,3.149305555555555469e-01,1.814583333333333326e-01,1.565972222222222210e-01
2.340000000000000000e+02,2.941024940286175848e+01,3.147222222222222365e-01,1.807638888888888906e-01,1.564583333333333381e-01
2.350000000000000000e+02,2.936467856942865495e+01,3.140972222222222499e-01,1.800694444444444486e-01,1.556944444444444409e-01
2.360000000000000000e+02,2.931969085174256406e+01,3.135416666666666630e-01,1.799305555555555658e-01,1.553472222222222199e-01
2.370000000000000000e+02,2.927214831598467626e+01,3.129166666666666763e-01,1.790972222222222132e-01,1.534722222222222321e-01
2.380000000000000000e+02,2.922557865630572849e+01,3.123611111111110894e-01,1.786111111111111094e-01,1.529166666666666730e-01
2.390000000000000000e+02,2.917963922842823976e+01,3.113888888888888817e-01,1.775694444444444464e-01,1.524999999999999967e-01
2.400000000000000000e+02,2.913369912813322671e+01,3.106249999999999845e-01,1.772916666666666530e-01,1.518750000000000100e-01
2.410000000000000000e+02,2.908823884719723907e+01,3.098611111111110872e-01,1.768055555555555491e-01,1.510416666666666574e-01
2.420000000000000000e+02,2.904271344979273906e+01,3.090972222222222454e-01,1.759027777777777690e-01,1.504166666666666707e-01
2.430000000000000000e+02,2.899981042268279907e+01,3.083333333333333481e-01,1.754861111111111205e-01,1.499305555555555669e-01
2.440000000000000000e+02,2.895393229154713666e+01,3.081249999999999822e-01,1.749305555555555614e-01,1.497916666666666563e-01
2.450000000000000000e+02,2.890940184287431691e+01,3.076388888888889062e-01,1.741666666666666641e-01,1.493055555555555525e-01
2.460000000000000000e+02,2.886554586953873880e+01,3.074305555555555403e-01,1.734722222222222221e-01,1.490972222222222143e-01
2.470000000000000000e+02,2.882226147614395018e+01,3.072222222222222299e-01,1.728472222222222354e-01,1.487499999999999933e-01
2.480000000000000000e+02,2.878061761459149182e+01,3.069444444444444642e-01,1.719444444444444553e-01,1.486111111111111105e-01
2.490000000000000000e+02,2.873940042960199648e+01,3.059722222222222010e-01,1.711111111111111027e-01,1.477083333333333304e-01
2.500000000000000000e+02,2.869818507175424926e+01,3.054166666666666696e-01,1.706944444444444542e-01,1.472222222222222265e-01
2.510000000000000000e+02,2.865717119966378945e+01,3.050694444444444486e-01,1.702083333333333226e-01,1.468750000000000056e-01
2.520000000000000000e+02,2.861705245545627108e+01,3.047222222222222276e-01,1.695138888888888806e-01,1.464583333333333293e-01
2.530000000000000000e+02,2.857808745006224882e+01,3.045833333333333171e-01,1.688888888888888939e-01,1.462499999999999911e-01
2.540000000000000000e+02,2.853930576056784574e+01,3.043055555555555514e-01,1.682638888888888795e-01,1.458333333333333426e-01
2.550000000000000000e+02,2.850115594983978440e+01,3.041666666666666408e-01,1.677083333333333204e-01,1.457638888888888873e-01
2.560000000000000000e+02,2.846337621393330508e+01,3.038194444444444198e-01,1.675694444444444375e-01,1.454861111111111216e-01
2.570000000000000000e+02,2.842576236619365915e+01,3.031249999999999778e-01,1.669444444444444509e-01,1.449999999999999900e-01
2.580000000000000000e+02,2.838829554456835780e+01,3.027777777777777568e-01,1.659027777777777879e-01,1.443750000000000033e-01
2.590000000000000000e+02,2.835069064715173326e+01,3.028472222222222121e-01,1.652083333333333459e-01,1.443750000000000033e-01
2.600000000000000000e+02,2.831345778057843887e+01,3.024999999999999911e-01,1.647222222222222143e-01,1.441666666666666652e-01
2.610000000000000000e+02,2.827669098051196883e+01,3.027083333333333570e-01,1.638194444444444342e-01,1.439583333333333270e-01
2.620000000000000000e+02,2.824021201563796168e+01,3.019444444444444597e-01,1.631944444444444475e-01,1.433333333333333404e-01
2.630000000000000000e+02,2.820376273490569474e+01,3.021527777777777701e-01,1.629166666666666541e-01,1.431944444444444575e-01
2.640000000000000000e+02,2.816761388039135738e+01,3.018055555555555491e-01,1.625000000000000056e-01,1.427083333333333259e-01
2.650000000000000000e+02,2.813210245018509781e+01,3.011805555555555625e-01,1.622916666666666674e-01,1.422222222222222221e-01
2.660000000000000000e+02,2.809669334344751945e+01,3.009027777777777968e-01,1.616666666666666530e-01,1.419444444444444564e-01
2.670000000000000000e+02,2.806119269135274763e+01,3.002777777777777546e-01,1.611111111111111216e-01,1.414583333333333248e-01
2.680000000000000000e+02,2.802600730037919163e+01,2.995138888888889128e-01,1.606944444444444453e-01,1.412499999999999867e-01
2.690000000000000000e+02,2.799158226250240844e+01,2.993750000000000022e-01,1.602777777777777690e-01,1.411805555555555591e-01
2.700000000000000000e+02,2.795778685216918191e+01,2.989583333333333259e-01,1.594444444444444442e-01,1.410416666666666763e-01
2.710000000000000000e+02,2.792442379814548659e+01,2.988888888888888706e-01,1.588194444444444575e-01,1.409027777777777657e-01
2.720000000000000000e+02,2.789118881953950790e+01,2.986805555555555602e-01,1.581249999999999878e-01,1.406250000000000000e-01
2.730000000000000000e+02,2.785805772377593215e+01,2.986111111111111049e-01,1.577083333333333393e-01,1.405555555555555447e-01
2.740000000000000000e+02,2.782495153703789370e+01,2.981944444444444287e-01,1.568749999999999867e-01,1.402777777777777790e-01
2.750000000000000000e+02,2.779204193370619080e+01,2.980555555555555736e-01,1.561805555555555447e-01,1.402777777777777790e-01
2.760000000000000000e+02,2.775958354330166955e+01,2.978472222222222077e-01,1.554861111111111027e-01,1.402083333333333237e-01
2.770000000000000000e+02,2.772759484977642686e+01,2.971527777777777657e-01,1.546527777777777779e-01,1.394444444444444542e-01
2.780000000000000000e+02,2.769591689035636861e+01,2.962500000000000133e-01,1.540972222222222188e-01,1.390972222222222332e-01
2.790000000000000000e+02,2.766407887272740851e+01,2.962500000000000133e-01,1.537499999999999978e-01,1.390972222222222332e-01
2.800000000000000000e+02,2.763261956438138256e+01,2.958333333333333370e-01,1.537499999999999978e-01,1.387500000000000122e-01
2.810000000000000000e+02,2.760147350138855060e+01,2.957638888888888817e-01,1.527777777777777901e-01,1.386111111111111016e-01
2.820000000000000000e+02,2.757054678448426088e+01,2.952083333333333504e-01,1.522222222222222310e-01,1.379166666666666596e-01
2.830000000000000000e+02,2.753956199130310267e+01,2.949999999999999845e-01,1.517361111111110994e-01,1.377777777777777768e-01
2.840000000000000000e+02,2.750900951863252786e+01,2.945138888888889084e-01,1.515972222222222165e-01,1.375000000000000111e-01
2.850000000000000000e+02,2.747906371477842313e+01,2.942361111111110872e-01,1.502777777777777879e-01,1.371527777777777901e-01
2.860000000000000000e+02,2.744938862939673641e+01,2.940277777777777768e-01,1.495833333333333459e-01,1.368055555555555691e-01
2.870000000000000000e+02,2.741953359937641110e+01,2.940972222222222321e-01,1.493055555555555525e-01,1.367361111111111138e-01
2.880000000000000000e+02,2.738963474505057860e+01,2.936805555555555558e-01,1.485416666666666552e-01,1.365277777777777757e-01
2.890000000000000000e+02,2.735954617084405527e+01,2.934027777777777901e-01,1.475694444444444475e-01,1.361111111111110994e-01
2.900000000000000000e+02,2.732922949570057014e+01,2.929166666666666585e-01,1.465972222222222121e-01,1.359027777777777890e-01
2.910000000000000000e+02,2.729957376868302887e+01,2.931944444444444242e-01,1.463888888888889017e-01,1.357638888888888784e-01
2.920000000000000000e+02,2.727022760411846747e+01,2.931250000000000244e-01,1.458333333333333426e-01,1.355555555555555680e-01
2.930000000000000000e+02,2.724111064392224435e+01,2.927083333333333481e-01,1.454166666666666663e-01,1.353472222222222299e-01
2.940000000000000000e+02,2.721227998129350212e+01,2.926388888888888928e-01,1.446527777777777690e-01,1.352083333333333470e-01
2.950000000000000000e+02,2.718390892940087511e+01,2.928472222222222032e-01,1.437499999999999889e-01,1.349305555555555536e-01
2.960000000000000000e+02,2.715582324571541761e+01,2.923611111111111271e-01,1.429166666666666641e-01,1.346527777777777879e-01
2.970000000000000000e+02,2.712742782311995882e+01,2.920138888888889062e-01,1.419444444444444564e-01,1.345138888888888773e-01
2.980000000000000000e+02,2.709889641421017714e+01,2.918749999999999956e-01,1.413194444444444420e-01,1.343749999999999944e-01
2.990000000000000000e+02,2.707057389018287097e+01,2.916666666666666852e-01,1.404861111111111172e-01,1.343055555555555669e-01
3.000000000000000000e+02,2.704229005166263278e+01,2.912500000000000089e-01,1.402777777777777790e-01,1.338194444444444353e-01
3.010000000000000000e+02,2.701391338373607809e+01,2.909027777777777879e-01,1.394444444444444542e-01,1.332638888888888762e-01
3.020000000000000000e+02,2.698494417175760773e+01,2.905555555555555669e-01,1.377777777777777768e-01,1.331944444444444486e-01
3.030000000000000000e+02,2.695589949741703606e+01,2.900694444444444353e-01,1.363888888888888928e-01,1.330555555555555658e-01
3.040000000000000000e+02,2.692707507189215477e+01,2.902083333333333459e-01,1.354166666666666574e-01,1.329861111111111105e-01
3.050000000000000000e+02,2.689826512217599586e+01,2.895833333333333592e-01,1.346527777777777879e-01,1.324305555555555514e-01
3.060000000000000000e+02,2.686884042510457249e+01,2.892361111111111382e-01,1.339583333333333459e-01,1.323611111111111238e-01
3.070000000000000000e+02,2.683926964298804663e+01,2.892361111111111382e-01,1.329861111111111105e-01,1.320138888888888751e-01
3.080000000000000000e+02,2.680989449592688345e+01,2.890972222222222276e-01,1.319444444444444475e-01,1.318749999999999922e-01
3.090000000000000000e+02,2.678272942384127830e+01,2.891666666666666829e-01,1.315972222222222265e-01,1.318749999999999922e-01
3.100000000000000000e+02,2.676392672353764368e+01,2.890972222222222276e-01,1.314583333333333437e-01,1.318749999999999922e-01
3.110000000000000000e+02,2.674952430819621441e+01,2.890277777777777724e-01,1.311111111111111227e-01,1.318055555555555647e-01
3.120000000000000000e+02,2.673750199540771533e+01,2.888888888888888618e-01,1.306249999999999911e-01,1.316666666666666541e-01
3.130000000000000000e+02,2.672680933762432431e+01,2.890277777777777724e-01,1.303472222222222254e-01,1.316666666666666541e-01
3.140000000000000000e+02,2.671687547677419161e+01,2.890277777777777724e-01,1.300694444444444320e-01,1.316666666666666541e-01
3.150000000000000000e+02,2.670741916110248582e+01,2.888194444444444620e-01,1.297916666666666663e-01,1.315972222222222265e-01
3.160000000000000000e+02,2.669824285283517895e+01,2.888194444444444620e-01,1.295833333333333282e-01,1.315972222222222265e-01
3.170000000000000000e+02,2.668928577784167189e+01,2.886805555555555514e-01,1.293055555555555625e-01,1.315972222222222265e-01
3.180000000000000000e+02,2.668049157067306609e+01,2.886111111111110961e-01,1.289583333333333415e-01,1.315277777777777712e-01
3.190000000000000000e+02,2.667181772050246735e+01,2.886805555555555514e-01,1.287500000000000033e-01,1.315277777777777712e-01
3.200000000000000000e+02,2.666323891466674922e+01,2.886111111111110961e-01,1.284027777777777823e-01,1.315277777777777712e-01
3.210000000000000000e+02,2.665472256711380794e+01,2.886111111111110961e-01,1.279861111111111061e-01,1.315277777777777712e-01
3.220000000000000000e+02,2.664624565890317953e+01,2.886111111111110961e-01,1.275000000000000022e-01,1.315277777777777712e-01
3.230000000000000000e+02,2.663782303014367514e+01,2.885416666666666408e-01,1.270138888888888984e-01,1.314583333333333437e-01
3.240000000000000000e+02,2.662944008721970235e+01,2.886111111111110961e-01,1.270833333333333259e-01,1.314583333333333437e-01
3.250000000000000000e+02,2.662110648633755261e+01,2.885416666666666408e-01,1.266666666666666774e-01,1.313888888888888884e-01
3.260000000000000000e+02,2.661281893649298880e+01,2.884722222222222410e-01,1.261805555555555458e-01,1.313194444444444331e-01
3.270000000000000000e+02,2.660457572966782891e+01,2.883333333333333304e-01,1.262500000000000011e-01,1.312500000000000056e-01
3.280000000000000000e+02,2.659635120213206250e+01,2.881250000000000200e-01,1.259027777777777801e-01,1.311805555555555503e-01
3.290000000000000000e+02,2.658812947454480380e+01,2.879166666666666541e-01,1.259027777777777801e-01,1.310416666666666674e-01
3.300000000000000000e+02,2.657988149164769354e+01,2.877083333333333437e-01,1.254861111111111038e-01,1.309722222222222121e-01
3.310000000000000000e+02,2.657163510804465645e+01,2.875694444444444331e-01,1.251388888888888828e-01,1.309027777777777846e-01
3.320000000000000000e+02,2.656339366119610546e+01,2.874999999999999778e-01,1.249305555555555586e-01,1.309027777777777846e-01
3.330000000000000000e+02,2.655596186499642641e+01,2.874305555555555780e-01,1.247916666666666619e-01,1.309027777777777846e-01
3.340000000000000000e+02,2.654831135332770131e+01,2.873611111111111227e-01,1.247222222222222204e-01,1.308333333333333293e-01
3.350000000000000000e+02,2.654058151935152665e+01,2.872916666666666674e-01,1.242361111111111166e-01,1.308333333333333293e-01
3.360000000000000000e+02,2.653283154586929626e+01,2.873611111111111227e-01,1.236805555555555575e-01,1.308333333333333293e-01
3.370000000000000000e+02,2.652507373081536812e+01,2.872916666666666674e-01,1.234722222222222193e-01,1.307638888888889017e-01
3.380000000000000000e+02,2.651732826814810906e+01,2.872916666666666674e-01,1.229166666666666602e-01,1.306944444444444464e-01
3.390000000000000000e+02,2.650958802819242166e+01,2.874305555555555780e-01,1.227083333333333359e-01,1.304861111111111083e-01
3.400000000000000000e+02,2.650184961331265754e+01,2.874999999999999778e-01,1.224305555555555564e-01,1.304861111111111083e-01
3.410000000000000000e+02,2.649406985011339799e+01,2.873611111111111227e-01,1.220138888888888939e-01,1.304861111111111083e-01
3.420000000000000000e+02,2.648627082867393412e+01,2.873611111111111227e-01,1.214583333333333348e-01,1.304861111111111083e-01
3.430000000000000000e+02,2.647765269022420043e+01,2.874305555555555780e-01,1.211805555555555552e-01,1.304861111111111083e-01
3.440000000000000000e+02,2.646924052598554411e+01,2.873611111111111227e-01,1.211111111111111138e-01,1.304861111111111083e-01
3.450000000000000000e+02,2.646088555467929382e+01,2.872916666666666674e-01,1.206944444444444375e-01,1.304861111111111083e-01
3.460000000000000000e+02,2.645255459441820989e+01,2.871527777777777568e-01,1.204166666666666718e-01,1.303472222222222254e-01
3.470000000000000000e+02,2.644422841658045087e+01,2.872222222222222121e-01,1.204861111111111133e-01,1.303472222222222254e-01
3.480000000000000000e+02,2.643378405040428447e+01,2.872916666666666674e-01,1.204861111111111133e-01,1.303472222222222254e-01
3.490000000000000000e+02,2.642329347460310984e+01,2.872916666666666674e-01,1.204166666666666718e-01,1.303472222222222254e-01
3.500000000000000000e+02,2.642287719133873480e+01,2.872916666666666674e-01,1.204166666666666718e-01,1.303472222222222254e-01
3.510000000000000000e+02,2.641246881237154653e+01,2.873611111111111227e-01,1.204166666666666718e-01,1.303472222222222254e-01
3.520000000000000000e+02,2.641348616068014366e+01,2.872222222222222121e-01,1.204166666666666718e-01,1.303472222222222254e-01
3.530000000000000000e+02,2.640534266015649933e+01,2.872222222222222121e-01,1.203472222222222165e-01,1.303472222222222254e-01
3.540000000000000000e+02,2.640805910103025056e+01,2.872916666666666674e-01,1.202777777777777751e-01,1.303472222222222254e-01
3.550000000000000000e+02,2.640092636050540520e+01,2.872222222222222121e-01,1.202083333333333337e-01,1.303472222222222254e-01
3.560000000000000000e+02,2.639527777871195724e+01,2.872222222222222121e-01,1.202083333333333337e-01,1.303472222222222254e-01
3.570000000000000000e+02,2.639860182467715433e+01,2.872222222222222121e-01,1.201388888888888923e-01,1.303472222222222254e-01
3.580000000000000000e+02,2.639227792250087745e+01,2.872916666666666674e-01,1.201388888888888923e-01,1.303472222222222254e-01
3.590000000000000000e+02,2.638749534052474033e+01,2.872916666666666674e-01,1.200694444444444509e-01,1.303472222222222254e-01
3.600000000000000000e+02,2.639134547451178037e+01,2.872916666666666674e-01,1.200694444444444509e-01,1.303472222222222254e-01
3.610000000000000000e+02,2.638515220919557436e+01,2.872916666666666674e-01,1.198611111111111127e-01,1.303472222222222254e-01
3.620000000000000000e+02,2.638107853209797327e+01,2.872916666666666674e-01,1.194444444444444503e-01,1.303472222222222254e-01
3.630000000000000000e+02,2.638141267844216742e+01,2.872222222222222121e-01,1.193749999999999950e-01,1.302777777777777701e-01
3.640000000000000000e+02,2.637671306207024102e+01,2.872222222222222121e-01,1.193055555555555536e-01,1.302777777777777701e-01
3.650000000000000000e+02,2.637709198051418369e+01,2.872222222222222121e-01,1.193055555555555536e-01,1.302777777777777701e-01
3.660000000000000000e+02,2.637761910825364708e+01,2.872916666666666674e-01,1.193055555555555536e-01,1.302777777777777701e-01
3.670000000000000000e+02,2.637710198942431816e+01,2.872916666666666674e-01,1.193055555555555536e-01,1.302777777777777701e-01
3.680000000000000000e+02,2.637243775916922672e+01,2.872916666666666674e-01,1.192361111111111122e-01,1.302777777777777701e-01
3.690000000000000000e+02,2.637617101059499447e+01,2.872916666666666674e-01,1.192361111111111122e-01,1.302777777777777701e-01
3.700000000000000000e+02,2.637079272618449011e+01,2.872222222222222121e-01,1.192361111111111122e-01,1.302083333333333426e-01
3.710000000000000000e+02,2.636611614134061909e+01,2.872222222222222121e-01,1.190972222222222154e-01,1.302083333333333426e-01
3.720000000000000000e+02,2.637007570246584010e+01,2.872222222222222121e-01,1.190972222222222154e-01,1.302083333333333426e-01
3.730000000000000000e+02,2.637003237063136751e+01,2.872222222222222121e-01,1.190972222222222154e-01,1.302083333333333426e-01
3.740000000000000000e+02,2.636896760243408622e+01,2.872222222222222121e-01,1.190972222222222154e-01,1.302083333333333426e-01
3.750000000000000000e+02,2.636203116125039259e+01,2.872222222222222121e-01,1.191666666666666707e-01,1.302083333333333426e-01
3.760000000000000000e+02,2.635981026158892959e+01,2.872222222222222121e-01,1.190972222222222154e-01,1.302083333333333426e-01
3.770000000000000000e+02,2.636064362567928043e+01,2.872916666666666674e-01,1.190972222222222154e-01,1.302083333333333426e-01
3.780000000000000000e+02,2.635565725053585240e+01,2.872916666666666674e-01,1.190972222222222154e-01,1.302083333333333426e-01
3.790000000000000000e+02,2.635196048799177149e+01,2.872916666666666674e-01,1.190972222222222154e-01,1.302083333333333426e-01
3.800000000000000000e+02,2.635642249406527782e+01,2.872916666666666674e-01,1.190277777777777740e-01,1.302083333333333426e-01
3.810000000000000000e+02,2.635700308856919349e+01,2.872916666666666674e-01,1.190277777777777740e-01,1.302083333333333426e-01
3.820000000000000000e+02,2.635065727029704519e+01,2.872222222222222121e-01,1.190277777777777740e-01,1.301388888888888873e-01
3.830000000000000000e+02,2.634707116679063788e+01,2.872222222222222121e-01,1.189583333333333326e-01,1.301388888888888873e-01
3.840000000000000000e+02,2.635008386493361954e+01,2.872222222222222121e-01,1.188888888888888912e-01,1.301388888888888873e-01
3.850000000000000000e+02,2.634540264731475290e+01,2.872222222222222121e-01,1.188194444444444497e-01,1.301388888888888873e-01
3.860000000000000000e+02,2.634156302529313010e+01,2.872916666666666674e-01,1.186111111111111116e-01,1.301388888888888873e-01
