outer,omega1,omega2,gap12,volume,Mnd_pct,gray_frac,mid_frac,move,stage,moveDescent,maxAbs,rms,l2,r_rho,Neff,u_min,u_P50,u_P75,u_P90,u_P95,u_P975,u_P99,u_max,u_mean,u_RMS,nActive_1e4,nActive_epsRMS,nActive_1e3,nActive_1e2,beta,nInner,innerConv,multN,degen
1,68.2415426134049,251.674531475403,2.68799593088282,0.499878753748315,99.6860108527891,1,1,0.04,1,0,0.0399678081845632,0.0280173672572345,3.96225407571688,0.99919520461408,9827.97350025098,0.000178032897667944,0.587411535933524,0.988510884829572,0.996248746306864,0.997231756183477,0.997722779142342,0.997962537824224,0.99919520461408,0.621552814235023,0.700434181430862,19976,19640,19596,17248,5398.68905128745,21,1,2,1
2,73.8147030136855,265.984065842484,2.60340223536725,0.499884720946299,98.7567469708268,1,1,0.04,1,0,0.0399627380169713,0.0278564452352926,3.93949626512541,0.999068450424283,9717.86617955381,0.000248040901057922,0.596464626294608,0.988453764352563,0.995949419326759,0.997027879836853,0.997548563560867,0.997801256264117,0.999068450424283,0.609426946963531,0.696411130882315,19964,19712,19664,16708,6267.02410002102,21,1,2,1
3,79.4954378406789,279.452920828386,2.51533280926703,0.499874140749882,97.2663806547112,1,0.6234,0.04,1,0,0.0399573109926705,0.0272461177742561,3.85318292783677,0.998932774816763,9299.22481438667,0.000291794430792509,0.565191024792337,0.987237976876917,0.99563906801086,0.996825810682443,0.997368253639195,0.997638643061652,0.998932774816763,0.584795547239899,0.681152944356404,19960,19640,19596,14824,7204.48616931987,20,1,2,1
4,85.1910805019874,291.062307142702,2.41658194059309,0.499860597739652,95.2861681919569,1,0.538,0.04,1,0,0.0399514225933664,0.0264788013400527,3.74466799704855,0.99878556483416,8785.41217486835,3.96409764859487e-05,0.524504126005964,0.98313003204911,0.995252651263939,0.996595112383918,0.997177567089412,0.99747066739721,0.99878556483416,0.556584632365909,0.661970033501319,19972,19588,19500,14060,8199.15087898792,19,1,2,1
5,90.8337091117654,299.686402541075,2.29928619530806,0.499866990915319,92.8575505205704,1,0.4686,0.04,1,0,0.0399449279147869,0.0259908092219827,3.67565548987796,0.998623197869673,8467.32666642391,0.000186860120894759,0.502173098923656,0.976585647078551,0.994841285931691,0.996330266731937,0.996971231780193,0.997301838532779,0.998623197869673,0.53700562456543,0.649770230549567,19884,19112,18996,13840,9245.69345188857,19,1,2,1
6,96.4071242111969,303.85752439683,2.15181608084457,0.499854467367193,90.1322165943209,1,0.4204,0.04,1,0,0.0399376511626137,0.0247875415227642,3.50548773993794,0.998441279065343,7704.27660033636,1.41725016228258e-05,0.425241622056234,0.930710380420495,0.994308479251303,0.996009376866414,0.996764205097671,0.997146845100479,0.998441279065343,0.501347447656292,0.619688538069105,19920,19312,19224,12784,10309.9806732649,18,1,2,1
7,101.759342060513,301.088206539349,1.95882619170536,0.499867064067132,87.1770639924276,1,0.3854,0.04,1,0,0.039929423501868,0.0239125355300498,3.3817432057325,0.9982355875467,7172.90654437182,8.3086379477081e-05,0.373437480805331,0.894254745865924,0.993620837204804,0.995610371851483,0.996541533209354,0.997012537540503,0.9982355875467,0.4729573065163,0.597813388251247,19924,19376,19296,11572,11386.9460762271,18,1,2,1
8,106.912544336565,289.211682556255,1.70512393424857,0.499858059699119,84.1756648559785,1,0.3684,0.04,1,0,0.0399198271187177,0.0224643949979401,3.17694520765932,0.997995677967941,6333.47624121579,3.88204672061389e-05,0.28327042607531,0.796967487944234,0.991253424028523,0.995075581525392,0.996288773734982,0.996925090639859,0.997995677967941,0.427523088632758,0.561609874948502,19924,19300,19168,10524,12448.9689539933,17,1,2,1
9,111.783883309179,267.577579323762,1.39370445365258,0.49984472679391,81.1978514795983,1,0.3584,0.04,1,0,0.0399086071443106,0.021142427622692,2.98999078855026,0.997715178607766,5613.14885448904,8.5960542006217e-05,0.227455188520822,0.733669565057339,0.989786542413492,0.99430604724622,0.995960680022155,0.996845044189645,0.997715178607766,0.386775115416296,0.5285606905673,19756,18304,18120,9660,13501.9195336268,16,1,2,1
10,116.429707921846,238.895463546075,1.05184284844581,0.499856741623448,78.1494880771479,1,0.3464,0.04,1,0,0.0398966183064148,0.020681389435481,2.92479014283769,0.997415457660371,5374.24237702717,2.14562747263226e-05,0.211599142509551,0.704065422348043,0.988711237300114,0.992304478179548,0.995591673260676,0.996801498195993,0.997415457660371,0.371722350714557,0.517034735887025,19808,18236,17968,9292,14590.4991158462,16,1,2,1
11,121.053834005836,208.011015394081,0.718334797921834,0.499838556607206,75.0884912854156,0.8232,0.3386,0.04,1,0,0.0399004255709704,0.0198464303446107,2.80670909580415,0.997510639274259,4948.11458898762,3.62476990411033e-05,0.200796011112578,0.650373506226741,0.976574585786496,0.991660593810708,0.995160148160597,0.996744968382224,0.997510639274259,0.352516011856089,0.496160758615269,19728,17560,17172,8872,15709.8408128305,15,1,2,1
12,126.129972016206,182.99837130983,0.450871417669996,0.499879652319268,71.7785932542688,0.7844,0.3326,0.04,1,0,0.0399004066785022,0.0202114189099578,2.85832627372663,0.997510166962554,5131.79097147617,3.86052154337439e-05,0.210740485701604,0.668009658524747,0.992942514479292,0.995090505602234,0.995795893174291,0.996639478031141,0.997510166962554,0.361807830660208,0.505285472748943,19700,17788,17572,9144,17217.4076889942,15,1,2,1
13,131.104461867804,167.640070302826,0.27867555317729,0.499883603341549,68.9692691179891,0.7604,0.332,0.04,1,0,0.039823568960008,0.0176148765970608,2.49111973830918,0.995589224000199,3912.9909956387,0.000149649906231413,0.214451063047185,0.533180618457301,0.807517035468901,0.991830910087784,0.994042784250734,0.994730058264007,0.995589224000199,0.323118052443849,0.44037191492652,19892,18808,18552,9352,18209.2657542876,15,1,2,1
14,134.934192709799,160.289757561982,0.187910598069936,0.499917986407154,67.0988122646476,0.741,0.334,0.04,1,0,0.0398082337328075,0.0152537705654551,2.15720892109941,0.995205843320188,2936.55810139912,1.10495438077596e-05,0.17284946341697,0.360632299467934,0.690092480593342,0.990344831684988,0.993420177917129,0.994608432026962,0.995205843320188,0.272553068625495,0.381344264136377,19100,18444,18324,7104,18928.3862131728,15,1,2,1
15,137.488919966347,155.184662683694,0.128706682121576,0.49993430283267,65.6310177054797,0.7208,0.3386,0.04,1,0,0.0397682606313471,0.0139574278526864,1.97387837651131,0.994206515783678,2463.58519830543,6.90353906436261e-07,0.143394419135973,0.316587553144802,0.591700584417927,0.983371644114337,0.992652510107181,0.992990119260457,0.994206515783678,0.237121783919284,0.348935696317159,18304,17380,17276,5992,19476.956036038,15,1,2,1
16,139.584039931194,151.390336074309,0.0845819919593558,0.499943883588719,64.3660928680907,0.7108,0.3442,0.04,1,0,0.0397822890754668,0.0129570733166846,1.83240688131179,0.99455722688667,2121.60382829857,5.5112028994244e-06,0.126131750733151,0.282269671503454,0.522575281409903,0.942751286035481,0.9924876826357,0.993467129513838,0.99455722688667,0.210093276305012,0.323926832917115,17680,16256,16152,5504,20017.3825471519,15,1,2,1
17,141.351550151209,148.26463989017,0.0489070670365143,0.499949411142169,63.1974632288637,0.6942,0.3442,0.04,1,0,0.0397390245630999,0.0123304662627703,1.74379126191937,0.993475614077498,1925.54906258577,8.35658214840513e-06,0.108887015670919,0.253139946382161,0.493312377171879,0.856277888096672,0.991140440565345,0.992609182315496,0.993475614077498,0.192141653372506,0.308261656569258,16456,15464,15356,5044,20440.2538956445,15,1,2,1
18,142.99880993914,145.686209435403,0.018793159869004,0.499960937123734,62.1663826537476,0.684,0.338,0.04,1,0,0.039792658603288,0.0111786854751092,1.58090486084026,0.994816465082201,1578.35815212213,2.49220724950512e-07,0.0628034559616679,0.212501055178417,0.444982330608187,0.642174987377292,0.988261458068954,0.992596017825207,0.994816465082201,0.16031245999574,0.279467136877731,17516,14422,14234,4450,20856.3928829369,22,1,2,1
19,144.319430651061,145.318938246653,0.00692566199217138,0.499976024520753,61.246591013892,0.6722,0.3209,0.04,1,0,0.0397672890146768,0.0103631409920989,1.46556945398108,0.994182225366919,1358.19096818681,2.48549742048747e-06,0.0378878217994591,0.154120214862913,0.466855557416362,0.661401485638842,0.796455932358425,0.993076643636522,0.994182225366919,0.138471023475825,0.259078524802472,16348,11978,11426,3688,21131.8063513545,35,1,2,1
20,145.267753010547,145.880393044651,0.0042173161035922,0.499977715262169,60.4991057562303,0.6623,0.3146,0.04,1,0,0.0398332518872266,0.00890128685250429,1.25883205893849,0.995831297180666,998.720729370658,2.44337184358248e-06,0.0328640457784981,0.14495989446955,0.357941751489701,0.498871816592511,0.642336060017174,0.993201628543444,0.995831297180666,0.116032988373072,0.222532171312608,14602,11268,10874,3106,21370.0712315936,27,1,2,1
21,146.122337370218,146.802791227972,0.00465674085154194,0.499978461794731,59.7754324769559,0.6542,0.3099,0.04,1,0,0.039806742656683,0.0083647550351325,1.1829550016613,0.995168566417076,883.127009340603,1.00093861111386e-07,0.0290051548687727,0.112541371253132,0.328511773533023,0.466635531032974,0.629496815045747,0.992047833211455,0.995168566417076,0.10447343175435,0.209118875878313,14192,10952,10534,2750,21578.4701789018,27,1,2,1
22,146.77785346508,147.465430140946,0.00468447153050857,0.499975176241276,59.1125028127655,0.6427,0.3064,0.04,1,0,0.0397030624890986,0.00780986391795745,1.10448154730637,0.992576562227465,773.871609614188,4.43213997306277e-07,0.028930697771498,0.134280636200464,0.290207987956376,0.410949298735533,0.547041027298321,0.986663564993492,0.992576562227465,0.100921007332308,0.195246597948936,14710,10758,10404,2472,21767.7445416096,22,1,2,1
23,147.470716838235,148.372425655283,0.00611449402553062,0.499977156367471,58.5452120698266,0.6377,0.3038,0.04,1,0,0.0397916161587722,0.00654620013190236,0.925772500854486,0.994790403969306,541.284256317247,1.88330577818041e-06,0.018789829511836,0.0761501697597478,0.235093757907441,0.336996118036697,0.444204114741228,0.953800481568151,0.994790403969306,0.0764948435560366,0.163655003297559,13856,9540,9220,1842,21927.6864028829,19,1,2,1
24,147.988553363649,148.687754018062,0.00472469416398106,0.499975457650149,57.9419419745521,0.6295,0.3023,0.04,1,0,0.0398140120263638,0.00680719539513185,0.962682804951915,0.995350300659095,584.648100197253,6.12552703005776e-07,0.0218435564226747,0.102549659265658,0.250115018310128,0.344591472635384,0.466831090062364,0.818990099847926,0.995350300659095,0.0851198458113486,0.170179884878296,13952,9976,9686,2002,22081.5219460696,20,1,2,1
25,148.478263698388,149.453943935915,0.00657119913193824,0.499979247764893,57.479397190512,0.6256,0.3012,0.04,1,0,0.0397964732179098,0.00533570476745508,0.754582604695375,0.994911830447746,359.521118069763,2.41533013978839e-08,0.017893500036162,0.0650871878867717,0.188767434713978,0.267950431758782,0.350374612384981,0.568500312337724,0.994911830447746,0.0620267528864412,0.133392619186377,13790,9096,8582,1134,22191.7456494023,17,1,2,1
26,148.9123750784,149.58088750539,0.00448930068195224,0.499989273466573,56.9946334959442,0.6208,0.2999,0.04,1,0,0.0398034949685661,0.00547317444266592,0.774023752605195,0.995087374214152,378.151791204483,3.98447860819029e-07,0.0194353992039098,0.0767354449577206,0.196801243874778,0.269780511490504,0.373362759088017,0.528797005047061,0.995087374214152,0.0660752116695066,0.136829361066648,13680,9476,8964,1216,22308.4951138133,18,1,2,1
27,149.249916586299,150.084636388674,0.00559276562068868,0.499976986955003,56.5176206612762,0.6139,0.2982,0.04,1,0,0.0397912055902014,0.00533591588399802,0.754612461083203,0.994780139755036,359.644770675457,3.94021391099501e-08,0.0231526730811512,0.0721128219741267,0.206117080541845,0.289964169964974,0.397778101102077,0.490535333750547,0.994780139755036,0.0669130745957652,0.133397897099951,13506,10190,9684,1398,22407.0285847964,21,1,2,1
28,149.608190692374,150.590780771107,0.00656775591086545,0.499978042437395,56.1777894484616,0.6103,0.2983,0.04,1,0,0.0397646405798178,0.00401084240767978,0.567218772948191,0.994116014495445,203.473131653599,8.18283958146513e-08,0.0148253710322622,0.0517849390578242,0.13817533922426,0.214870916231763,0.289412106385135,0.377014289576228,0.994116014495445,0.0474962116713789,0.100271060191994,13396,8500,8146,680,22467.7000810346,15,1,2,1
29,149.850367560031,150.660509937591,0.00540634227831111,0.49998781864709,55.7143049613657,0.6063,0.2942,0.04,1,0,0.0397284130586029,0.00517772052368767,0.732240258677663,0.993210326465073,339.707214546801,8.83048288994087e-08,0.0208970095069143,0.06453310098446,0.207763053326356,0.30198007837248,0.403460945964668,0.524765748609626,0.993210326465073,0.0643648717176907,0.129443013092192,16396,9808,9336,1384,22567.6180501122,24,1,2,1
30,150.145047647499,151.125674100559,0.00653119412477713,0.499961837327889,55.3905797047339,0.6031,0.2931,0.04,1,0,0.0368040781265641,0.00382466235472065,0.540888937354376,0.920101953164103,215.985357787589,1.50240705535985e-07,0.0138186999076587,0.0447404876964123,0.148777601082311,0.212259796223958,0.302809463832452,0.407559486869145,0.920101953164103,0.0462833194642141,0.0956165588680162,13564,8292,7812,730,22623.9454450824,19,1,2,1
31,150.348829462177,151.153643259729,0.00535297681019761,0.499977522725209,55.0271070470704,0.5989,0.2911,0.04,1,0,0.0397380124472218,0.00442784585629709,0.626191966207286,0.993450311180545,248.31485432341,4.90281999893603e-07,0.0181108924904525,0.0533119706432577,0.174555167296279,0.248724513246569,0.340048082079063,0.451771546236118,0.993450311180545,0.0545948961880845,0.110696146407427,13158,9160,8678,992,22693.7223839053,21,1,2,1
32,150.572286571704,151.659150187808,0.00721821817846242,0.499983972791888,54.7425167151306,0.5962,0.291,0.04,1,0,0.039584871801,0.00345946785842756,0.489242636398206,0.989621795024999,152.753127221184,4.92939669668937e-07,0.0136145265393516,0.0488631860828725,0.127813492030237,0.195447448768209,0.273122600157813,0.352975924156454,0.989621795024999,0.0429910848444439,0.0864866964606889,12726,8558,8108,554,22724.832256915,17,1,2,1
33,150.761295480941,151.427552255642,0.00441928263202803,0.49998245541468,54.4160698309053,0.5925,0.2894,0.04,1,0,0.0396654384707267,0.00414240726549101,0.585824853573023,0.991635961768168,218.127823731409,5.1942234904115e-07,0.0206964239170139,0.0523554804923056,0.167864278925777,0.237634239728904,0.314901139993815,0.416771066056322,0.991635961768168,0.0529842744914986,0.103560181637275,12804,9820,9402,906,22802.7601296216,20,1,2,1
34,150.949420808849,152.009684281764,0.00702396516153235,0.499982513837671,54.1326201022595,0.5902,0.2883,0.04,1,0,0.0331995855023165,0.00339097862814341,0.479556796563772,0.829989637557913,208.648265030333,4.57815881482896e-08,0.0155487372386509,0.0446137634245581,0.130108555417717,0.196277728540898,0.271322795164614,0.34438869922455,0.829989637557913,0.0421777975064596,0.0847744657035852,12482,8800,8254,604,22830.5441473476,18,1,2,1
35,151.135659231486,151.962498576464,0.00547084221673855,0.499970655771216,53.8154800364167,0.587,0.288,0.04,1,0,0.0364384637639748,0.00386737718278666,0.546929726270915,0.910961594099371,225.29053117221,2.11394135659137e-07,0.0185371622742275,0.0540932478399749,0.158234895535104,0.229431964994421,0.302918520231684,0.403508527991744,0.910961594099371,0.0493063796666869,0.0966844295696665,12496,9382,8882,760,22886.7993655253,23,1,2,1
36,151.307554431597,152.16550105749,0.00567021672589631,0.499985504115992,53.5162104931837,0.5837,0.287,0.04,1,0,0.0385167473935395,0.00380767945626697,0.538487192822216,0.962918684838487,195.457143120313,8.13749741014306e-08,0.0134741438417306,0.0471435478886225,0.146675928632863,0.216464605024999,0.300084299273826,0.396610789741036,0.962918684838487,0.0459170498029526,0.0951919864066742,12638,8258,7676,738,22955.0177136451,21,1,2,1
37,151.477587744575,152.597510519625,0.00739332327458499,0.499981642761108,53.274214510573,0.5816,0.2869,0.04,1,0,0.0393822718120164,0.00312741895092989,0.442283829562769,0.984556795300411,126.124829466346,6.00679639838303e-07,0.0128524995679045,0.0427925931945179,0.116882621549035,0.17102653145134,0.235366081763766,0.330673242651581,0.984556795300411,0.0386913786878382,0.0781854737732472,12652,8498,8008,460,22975.1700412651,16,1,2,1
38,151.633283542943,152.352641758516,0.00474406541074547,0.499987254343837,52.9347906201133,0.5783,0.2859,0.04,1,0,0.0325291229072659,0.00433752701415248,0.613418953057411,0.813228072681647,355.606486350302,1.74761800469992e-07,0.0196442173447659,0.0601672715560918,0.172535770933462,0.256560538555125,0.323592286587193,0.466628096800366,0.813228072681647,0.0553066754290873,0.108438175353812,12524,9654,9176,1070,23051.8070681227,27,1,2,1
39,151.790989289069,152.990528385102,0.00790257117139318,0.499979353424216,52.6013762193245,0.5738,0.2858,0.04,1,0,0.0387518762287472,0.00418937585156934,0.59246721471677,0.96879690571868,233.745456013813,1.49030114851963e-08,0.0166417535092964,0.0561817722970278,0.150088417712275,0.249205181403967,0.323805574629994,0.458518627063053,0.96879690571868,0.0514166378473374,0.104734396289233,12600,9264,8930,994,23086.5470275071,27,1,2,1
40,151.985748639438,153.001667920721,0.00668430619565747,0.49999202005853,52.2941060524149,0.5695,0.2853,0.04,1,0,0.0396539379413568,0.00398469935304338,0.563521586705325,0.99134844853392,201.952144434035,2.31674708739157e-07,0.0145622515550193,0.0540048926140128,0.152832126925136,0.236886296247297,0.30871867419252,0.424425637827012,0.99134844853392,0.0495682702998431,0.0996174838260847,12506,8982,8574,854,23162.3299048778,24,1,2,1
41,152.155242052243,153.336852550887,0.00776582181926353,0.499982076717594,52.000030654874,0.5651,0.2846,0.04,1,0,0.0296707547298324,0.00373663832590306,0.528440459817521,0.741768868245811,317.201283912951,4.1511218723279e-07,0.0142566079289092,0.0517769108146976,0.140918039981167,0.222042550231602,0.287714608754793,0.419698175293146,0.741768868245811,0.0463876924612344,0.0934159581475766,12502,8932,8500,760,23190.7775193194,23,1,2,1
42,152.323258525788,153.008052967711,0.00449566565572882,0.499984344431115,51.7278678336771,0.5627,0.2835,0.04,1,0,0.0240092084236232,0.00361095794476611,0.510666569864711,0.600230210590581,452.396434083145,1.81452627619445e-06,0.0135811072939841,0.0490120941030976,0.138267096404164,0.221819532352604,0.275011324473062,0.407021538728269,0.600230210590581,0.0451116885196317,0.0902739486191528,12170,8670,8158,674,23222.2209795774,26,1,2,1
43,152.452656910394,153.385954466286,0.00612188449061044,0.499983854105667,51.4206110264204,0.5596,0.284,0.04,1,0,0.0283001092748423,0.00411854895973693,0.582450779615756,0.707502731871058,423.586623388086,5.73334425158019e-08,0.0165582423120378,0.0547524722029827,0.155802985836896,0.247449171330628,0.324708686806711,0.460360470190543,0.707502731871058,0.0515677143258386,0.102963723993423,12498,9288,8856,982,23288.3179324145,29,1,2,1
44,152.589460239918,153.960320128996,0.00898397495425176,0.49998570374269,51.0946090143777,0.5559,0.2839,0.04,1,0,0.0319303018246485,0.00425618066996432,0.601914842737375,0.798257545616211,355.356331710717,4.58192480326777e-07,0.0142363747201077,0.0606885093664832,0.152133580908834,0.248418210952169,0.34448179040876,0.479095385929981,0.798257545616211,0.0526032975944821,0.106404516749108,12322,9036,8746,978,23329.0373958998,29,1,2,1
45,152.7692795698,154.013882303293,0.0081469437899937,0.499984697492745,50.7729887806285,0.5523,0.2847,0.04,1,0,0.0255460851323496,0.00412742384778144,0.583705878319465,0.638652128308741,522.082845759797,6.53652090961386e-08,0.0164062669544184,0.0564617859883768,0.157265173960966,0.247594875746868,0.3377499039434,0.449749105458287,0.638652128308741,0.0519792577837935,0.103185596194536,12238,9228,8848,972,23386.2658745071,29,1,2,1
46,152.929586190224,154.201947289889,0.0083199146179702,0.499980672522827,50.5600338842996,0.5498,0.2847,0.04,1,0,0.0229739519645287,0.00291784113784298,0.412645050998768,0.574348799113217,322.61300042575,1.92263874548232e-06,0.0109689579522106,0.0472822570015453,0.109121829644334,0.162009446391212,0.230414994208328,0.32480181084387,0.574348799113217,0.0376084448559049,0.0729460284460744,12140,8570,8148,390,23414.4988831483,19,1,2,1
47,153.041049463267,153.981403017794,0.00614445312434126,0.499972377417218,50.2788741670943,0.5457,0.2852,0.04,1,0,0.0250048510358823,0.00369107759240554,0.521997199095135,0.625121275897058,435.800578232865,6.90699023796483e-08,0.0124355744145463,0.0523813760889087,0.134001175957287,0.212757171332138,0.299972352840054,0.414967448528296,0.625121275897058,0.0458150974612749,0.0922769398101386,12286,8610,8240,650,23460.4788210285,27,1,2,1
48,153.172931837789,154.177771483116,0.00656016460134995,0.499989008349825,50.0501915729193,0.5411,0.2863,0.04,1,0,0.0208329607983508,0.00314561278294298,0.444856825961213,0.520824019958769,455.97236722963,9.14941832423241e-07,0.0127995579012838,0.0447473830289944,0.111172323488155,0.180486063628991,0.240725586568132,0.350483392317728,0.520824019958769,0.0396371417812906,0.0786403195735743,12478,8556,7980,468,23491.7294786423,24,1,2,1
49,153.286136794509,154.442238276021,0.00754211375985091,0.499981272635127,49.8184006620273,0.5365,0.2892,0.04,1,0,0.0284768048947297,0.00331149708834006,0.468316409408953,0.711920122368243,270.455757525035,3.71421051351994e-07,0.0085808921720921,0.0418287769698913,0.131685567463823,0.193197653227453,0.271263666396474,0.348779358478421,0.711920122368243,0.040559561536773,0.0827874272085015,11616,7360,6886,584,23539.2747200134,22,1,2,1
50,153.399622923214,154.963698072607,0.0101960820997287,0.499970265652446,49.5357029835745,0.5315,0.2901,0.04,1,0,0.0316367783292102,0.00381195449204551,0.53909177417998,0.790919458230254,290.362754196551,3.63528243264776e-07,0.0115954444719987,0.056250018998881,0.133570727428337,0.223907163846471,0.308540159454036,0.415075441294897,0.790919458230254,0.0473412696014851,0.0952988623011378,11934,8648,8310,726,23579.8303620338,26,1,2,1
51,153.538388276044,154.802732960318,0.008234713796791,0.499978439642259,49.2364271997068,0.5277,0.2823,0.04,1,0,0.0281374292056379,0.00413532415510386,0.584823150495693,0.703435730140947,431.996552952583,9.23884440619225e-10,0.0133785962052332,0.0592346780447815,0.14440696210214,0.24788013628554,0.336391121211645,0.457946636537664,0.703435730140947,0.0516019660403377,0.103383103877596,12038,9142,8792,984,23621.7396946081,31,1,2,1
52,153.694695591114,154.873859462359,0.00767211819972204,0.499972461796997,48.9254829733664,0.524,0.2781,0.04,1,0,0.0284108994569318,0.00431146037104899,0.609732573037162,0.710272486423296,460.58397808071,7.24447219514079e-07,0.0153869426051539,0.0569985597729342,0.151901083171893,0.255880796894817,0.354474732882878,0.484362367558629,0.710272486423296,0.0528115831618417,0.107786509276225,12274,9054,8720,1046,23668.7688413999,33,1,2,1
53,153.847829732373,155.112009483074,0.00821707886878057,0.499986658190319,48.6968053420899,0.521,0.2762,0.04,1,0,0.0270932007210602,0.00316764661661762,0.447972880602589,0.677330018026504,273.390121451478,1.07108811869271e-08,0.0117090777950267,0.0457154006703055,0.109475433479584,0.183463524413523,0.250084429896971,0.359032988820046,0.677330018026504,0.0392155474793091,0.0791911654154404,11970,8490,8034,500,23696.63782792,24,1,2,1
54,153.95767209602,155.11781306285,0.00753545407017153,0.499985565230491,48.480975400212,0.5181,0.2761,0.04,1,0,0.0390414980578511,0.00313298499041956,0.443070986416268,0.976037451446276,128.793420393801,1.85869423621209e-07,0.0106937828125154,0.0415154716246426,0.112078005894817,0.180892897155535,0.241433468890193,0.334393030973998,0.976037451446276,0.0382175947389335,0.078324624760489,11614,8126,7634,458,23732.6690728991,23,1,2,1
55,154.070822372743,155.34805632061,0.00828991452240717,0.499992471731561,48.2449268376949,0.5165,0.2759,0.04,1,0,0.0397258037803602,0.0034649727480566,0.490021145355481,0.993145094509004,152.1543089355,3.27409013483527e-07,0.0101842708561249,0.0462795915075199,0.115384544056632,0.184142623747279,0.261210557514446,0.379288696504015,0.993145094509004,0.0409697850064443,0.0866243187014149,11526,8626,8110,540,23779.8567342216,25,1,2,1
56,154.196740201928,155.630550533783,0.00929857745356713,0.499989016639928,48.0112874701743,0.5135,0.2748,0.04,1,0,0.0397526184074667,0.00352245267356481,0.498150034377272,0.993815460186668,157.032248602622,1.80870439967167e-07,0.0105957678121382,0.0485442107067842,0.102551880020294,0.173005666394416,0.261476118603281,0.36845464595826,0.993815460186668,0.0403952722026285,0.0880613168391202,11332,8554,8212,568,23815.8764993006,21,1,2,1
57,154.346450703359,155.484177726908,0.0073712548514322,0.49996539535127,47.8292283131541,0.5117,0.2743,0.04,1,0,0.0395205433042055,0.00282307661458446,0.399243323596367,0.988013582605138,102.053877892577,3.87185242978908e-07,0.0085228734901902,0.0372231318065624,0.0883495779190831,0.13585405585088,0.203775206038872,0.307426695462976,0.988013582605138,0.0326814321004477,0.0705769153646115,11590,7556,7124,336,23835.0702896288,19,1,2,1
58,154.457233757995,155.461867209102,0.00650428229655822,0.499971939274971,47.6448075145958,0.5105,0.2745,0.04,1,0,0.0394466838201454,0.00333264805851876,0.471307608297359,0.986167095503635,142.753874091667,5.31101315125759e-08,0.00625403585979498,0.0400261464153779,0.11355883819831,0.185163929423312,0.246381735754246,0.34247564477688,0.986167095503635,0.0376849041254307,0.0833162014629689,11312,6500,6098,488,23892.8480433231,20,1,2,1
59,154.547041234298,156.251073843782,0.0110259801538391,0.499989877390867,47.3968530959963,0.5075,0.2732,0.04,1,0,0.0395904738804676,0.00361520190778561,0.511266756870749,0.98976184701169,166.768380181167,1.05477376912312e-07,0.00987218288219268,0.0443936019260762,0.1188287094846,0.189795870201421,0.277213430338836,0.392546280898517,0.98976184701169,0.0420506937309543,0.0903800476946401,11660,8482,8118,584,23931.967465077,26,1,2,1
60,154.684478470051,156.530974105039,0.0119371746490089,0.499979557670312,47.1360759725577,0.5055,0.2726,0.04,1,0,0.039564394229086,0.00383937891131216,0.542970172746691,0.98910985572715,188.34014680466,1.85974652416815e-07,0.0106059470350213,0.0504530690785841,0.115390399121368,0.188388257902728,0.280794686679706,0.407044493374305,0.98910985572715,0.0434219622706802,0.0959844727828042,11720,8634,8256,584,23969.9802900298,28,1,2,1
61,154.828251761759,156.600243820822,0.0114448883772826,0.499952758382061,46.8547266970161,0.5022,0.2718,0.04,1,0,0.0396914845574572,0.00410438377068979,0.580447519369352,0.99228711393643,213.860822749036,3.76378432287124e-07,0.0109719673576178,0.0519733887748467,0.118494399489589,0.214320612679014,0.335533948739508,0.450400885373583,0.99228711393643,0.0465481263970946,0.102609594267245,11590,8716,8298,776,24022.299917749,32,1,2,1
62,154.974442534384,156.685155567673,0.0110386784124756,0.499974252903707,46.6147136982089,0.4997,0.271,0.04,1,0,0.0394843084128641,0.00375665343589104,0.531271023817259,0.987107710321601,181.043604697065,1.02752816548643e-07,0.00975592759942786,0.0491790002965206,0.120151958635897,0.196605646650518,0.284834430538391,0.413159525851418,0.987107710321601,0.0440599383327143,0.0939163358972759,12270,8458,8118,640,24045.5895518294,30,1,2,1
63,155.102807691005,156.924870430604,0.011747451685265,0.499951152763462,46.4071972060959,0.4978,0.2693,0.04,1,0,0.0381040138015342,0.00333586591091434,0.471762681347314,0.952600345038355,153.287137670831,1.25340246228338e-07,0.00725422478497782,0.0439977012162922,0.113781748153982,0.174399868982957,0.249393323511643,0.360010216368501,0.952600345038355,0.0388559539449981,0.0833966477728586,11454,7732,7312,496,24090.4200587554,28,1,2,1
64,155.197714403723,157.351381614457,0.0138769260810868,0.499982017914754,46.2558775571457,0.4967,0.2691,0.04,1,0,0.0281814105731567,0.00239212191392315,0.338297125352001,0.704535264328916,144.102382243721,3.95948787227591e-07,0.00583766840939285,0.0353121236811754,0.0776461177735027,0.128384151124956,0.18770525150083,0.273823946792938,0.704535264328916,0.0288786653763388,0.0598030478480788,11492,7330,6844,274,24102.4180556513,20,1,2,1
65,155.277858932414,157.465847940682,0.0140907984133115,0.499989450464632,46.0640290836913,0.4958,0.27,0.04,1,0,0.0391020440179592,0.00287389977240719,0.40643080350392,0.977551100448979,108.037446538057,9.15055165959052e-08,0.00596651701689033,0.036446741641726,0.0886976842632492,0.155421669269735,0.225878052035127,0.301280624303291,0.977551100448979,0.0331223219422855,0.0718474943101797,14890,7312,6816,382,24149.3359589164,25,1,2,1
66,155.378715065661,157.528408623296,0.0138351868640846,0.49998508486953,45.9292344641336,0.4939,0.269,0.04,1,0,0.0331786856011764,0.00231611769389885,0.327548505476405,0.829467140029411,97.4614548816378,8.0576447591792e-08,0.00709158604303821,0.0334274088701753,0.0704470063659706,0.122935427083295,0.184931804056545,0.252573826295657,0.829467140029411,0.0280553655950712,0.0579029423474712,11604,7448,6820,208,24150.8932421865,20,1,2,1
67,155.458787736116,157.539702246312,0.0133856344855083,0.499987487495284,45.7727303635333,0.4925,0.268,0.04,1,0,0.0348559676907335,0.00244393943800758,0.34562522988488,0.871399192268336,98.3233317075965,1.43071364638466e-07,0.00605777634680189,0.0313587243220265,0.0792883862498802,0.134490514348989,0.190519260012556,0.275394626869579,0.871399192268336,0.0284234743197048,0.0610984859501895,10940,6850,6358,298,24194.6888144482,22,1,2,1
68,155.540509200414,157.734457369586,0.0141053168750107,0.499991552121016,45.6169213567558,0.4903,0.2674,0.04,1,0,0.0325856104025982,0.00247273869363489,0.349698059674319,0.814640260064956,115.1687687093,4.10829382432151e-08,0.00477022959250827,0.0329242175851757,0.075833938182656,0.128570139306943,0.193382621712288,0.274897988905755,0.814640260064956,0.0285281378763716,0.0618184673408722,10976,6870,6390,254,24208.0314216416,21,1,2,1
69,155.629207233504,157.841897984902,0.0142177088139937,0.49999352463938,45.4458583356577,0.4877,0.2678,0.04,1,0,0.0372832578719653,0.00268983829691538,0.380400580008828,0.932081446799133,104.100935306272,4.61531321588698e-09,0.00486168349748962,0.0364994362419171,0.0865180791985961,0.146573989783705,0.203582065837181,0.281791283457946,0.932081446799133,0.0308228575573891,0.0672459574228846,11150,6678,6058,274,24251.8821309148,23,1,2,1
70,155.713978941175,158.021752848732,0.0148205955769002,0.499958801208926,45.2851425819216,0.4864,0.2665,0.04,1,0,0.0367524659821385,0.0027235315930972,0.385165531650966,0.918811649553461,109.830222156085,5.40010382658529e-08,0.00536923333916379,0.0351234591888686,0.0902586701024548,0.146525909204026,0.208798651949415,0.295470375470301,0.918811649553461,0.0314731406489326,0.06808828982743,11512,6880,6292,358,24246.8741230421,23,1,2,1
71,155.801477758737,158.225164493848,0.0155562499789888,0.499958671065271,45.0707354397918,0.484,0.2658,0.04,1,0,0.0390487254181559,0.00340134661294622,0.481023051036034,0.976218135453897,151.746279477483,3.98808411715034e-07,0.00617019124367752,0.0436933579868609,0.113527749985057,0.183141491215756,0.258391746061819,0.361674150225454,0.976218135453897,0.0394359949984914,0.0850336653236556,11726,7874,7520,532,24323.6903243249,32,1,2,1
72,155.907438209508,158.648777820285,0.0175831226672649,0.499988725274906,44.9022842542033,0.4821,0.2654,0.04,1,0,0.0319512288435357,0.0026172179800843,0.370130516312194,0.798780721088393,134.194480848148,5.37269168342664e-07,0.00463972647088164,0.0337345608617281,0.0827832241947174,0.139945162118449,0.2085764398673,0.278388308660082,0.798780721088393,0.0299028389046064,0.0654304495021076,11586,6796,6442,290,24333.639259083,24,1,2,1
73,155.995396268758,158.653461728177,0.0170393840010478,0.499985398791195,44.7518640144014,0.4795,0.2632,0.04,1,0,0.0266036245293917,0.00247923100195071,0.350616210721453,0.665090613234793,173.693019092003,6.65983175521911e-09,0.00483960027157827,0.0335915605318571,0.0846617468426224,0.140487778697884,0.202012985695864,0.258742800033875,0.665090613234793,0.0293155428026202,0.0619807750487677,11120,6646,6296,238,24347.7678782328,23,1,2,1
74,156.072021252331,158.771458449218,0.01729609942401,0.49999566723895,44.5417861829631,0.4765,0.2625,0.04,1,0,0.0388409283814619,0.00312173826332573,0.441480459017428,0.971023209536547,129.194423099347,3.74709577416703e-07,0.00493843875088677,0.0368433293238562,0.100342268732563,0.164380125786848,0.241098484614222,0.347092338428175,0.971023209536547,0.0352570364940038,0.0780434565831434,15122,6932,6522,466,24390.3605354118,30,1,2,1
75,156.180584731217,158.865058455756,0.0171882678577425,0.499989989486435,44.4419881106058,0.4754,0.2622,0.04,1,0,0.0334089720374703,0.00194227735697293,0.274679498012128,0.835224300936758,67.5968197521276,1.3632351973427e-07,0.00445259001472887,0.0267858662910685,0.0616939716713419,0.0991068897310694,0.142537954679414,0.193851826772472,0.835224300936758,0.0228149029213342,0.0485569339243233,14918,5796,5270,72,24394.3036411902,17,1,2,1
76,156.238300187289,158.886395356341,0.0169490782085945,0.499994200365374,44.2896667783304,0.4734,0.262,0.04,1,0,0.0394281033600158,0.00249309465429314,0.352576827238122,0.985702584000395,79.9642296780929,2.59547510131809e-08,0.00443328784247096,0.0309624243010039,0.0762617894088152,0.123162178725215,0.181100632688796,0.242378567680518,0.985702584000395,0.027119309337035,0.0623273663573285,11228,6186,5780,180,24430.3612200725,21,1,2,1
77,156.317568527628,158.932442124646,0.0167279572069074,0.499993994251342,44.0690814482698,0.4712,0.2617,0.04,1,0,0.0360961630287782,0.00336341024963438,0.475658039085762,0.902404075719454,173.64712742876,9.29580927353701e-10,0.00450869650310534,0.0478515953588164,0.128065026027264,0.190262872982452,0.266286655530224,0.353974244098557,0.902404075719454,0.0403069182359462,0.0840852562408596,11504,7478,7214,586,24467.740503397,32,1,2,1
78,156.430888213927,159.180560609169,0.0175775540664398,0.499994866776605,43.8851082950054,0.4686,0.2612,0.04,1,0,0.0352580653640124,0.00290277185232647,0.410513932203497,0.88145163410031,135.562273848881,1.22456872076144e-07,0.00361067244663325,0.0391211230410295,0.0931019534594653,0.157899559583008,0.236905425563864,0.301251300995952,0.88145163410031,0.0328827693759977,0.0725692963081618,10812,7002,6716,436,24489.151008539,26,1,2,1
79,156.534282814171,159.191355106985,0.0169743793183528,0.499994573495775,43.6587499729147,0.4665,0.2608,0.04,1,0,0.0392031075077296,0.00349000705451075,0.493561530926688,0.980077687693241,158.504507918426,1.5290895740875e-07,0.00398645841812611,0.0517860743457743,0.128049153785789,0.188003649078534,0.257872331855185,0.343187234205984,0.980077687693241,0.040746032201309,0.0872501763627687,11316,7228,7000,562,24531.6976498352,33,1,2,1
80,156.659670141915,159.398082904191,0.0174800110315286,0.499995997237666,43.472901099701,0.4646,0.2598,0.04,1,0,0.0368262128007078,0.00292226980220532,0.413271358719211,0.920655320017696,125.937915106403,8.31568752267998e-08,0.00420449503309868,0.0436148549203854,0.100191155633851,0.157979758253326,0.221047599670392,0.293093080615437,0.920655320017696,0.0339356229173508,0.0730567450551331,11012,7000,6724,350,24562.5284523893,27,1,2,1
81,156.753482969826,159.467091436657,0.0173113121024089,0.499993456034363,43.319590602253,0.4637,0.2593,0.04,1,0,0.0336683491637267,0.00253623058939546,0.358677169682857,0.841708729093168,113.491627318924,1.17399752645816e-07,0.003377938419745,0.035292502430261,0.0958253229788439,0.138290180803649,0.198072606680865,0.250919561573967,0.841708729093168,0.0298621614294333,0.0634057647348866,10842,6344,5956,202,24574.1866472742,26,1,2,1
82,156.823839932799,159.639375340812,0.0179534910586314,0.49998545025002,43.2436423407523,0.4632,0.2601,0.04,1,0,0.0175901121671011,0.00157711191043211,0.223037305311324,0.439752804177528,160.774734517948,1.3729837566603e-08,0.00317144091048213,0.0243225697439336,0.0663543039420765,0.0962449659188341,0.11702492184332,0.142654237371786,0.439752804177528,0.0202796661326957,0.0394277977608028,14398,5222,4934,24,24571.8232106903,14,1,2,1
83,156.861157446956,159.935820654266,0.0196011763355131,0.499986229272453,43.0381977404038,0.4612,0.2599,0.04,1,0,0.0333893332374626,0.00298303015019879,0.421864169537898,0.834733330936566,159.635614485486,3.06113581336462e-08,0.00384300465392165,0.0517016831226111,0.114908882245432,0.166039360350208,0.230568736839378,0.290347662429045,0.834733330936566,0.0370883078963277,0.0745757537549699,14738,7004,6724,366,24644.4128788549,31,1,2,1
84,156.950813986548,160.213222599793,0.0207861847312515,0.499995756650797,42.8626118903103,0.4598,0.2603,0.04,1,0,0.0297832504697212,0.00281177674429646,0.397645280614932,0.744581261743029,178.257362867404,6.06741914402904e-08,0.00315662410937473,0.0413197637701902,0.111691100093912,0.163061326000408,0.202100492792342,0.272046703716001,0.744581261743029,0.033397423565113,0.0702944186074115,10494,6418,6196,268,24657.331079703,26,1,2,1
85,157.034629468655,160.412100994956,0.0215078135168581,0.499986480594175,42.8020824737767,0.459,0.2603,0.04,1,0,0.0156101011580145,0.00158109949583396,0.223601235046965,0.390252528950363,205.180914514481,9.91164173867182e-09,0.0060329183299895,0.0242893600894521,0.0697058950644448,0.0971367353067401,0.117766454429629,0.141711525421828,0.390252528950363,0.0213052949369936,0.039527487395849,14606,5296,4930,6,24622.9166389757,14,1,2,1
86,157.065461078279,160.707579020744,0.023188535006113,0.49999679144472,42.5797839710354,0.4577,0.2601,0.04,1,0,0.0345746140625706,0.00316120497338272,0.447061894679912,0.864365351564266,167.193976355909,5.76057972647982e-07,0.00516980771629623,0.0515526066641931,0.118080633121363,0.175319141100874,0.233701208020933,0.307185885453766,0.864365351564266,0.039133238775228,0.079030124334568,14248,6992,6834,412,24710.748256844,29,1,2,1
87,157.175823043512,160.902726450705,0.0237116837375261,0.499981740238923,42.5187578975385,0.4575,0.2595,0.04,1,0,0.0142891469724573,0.00135195476198689,0.191195276011675,0.357228674311432,179.036553455211,1.21348832553314e-07,0.00362546139647419,0.0249037435595484,0.055824642765578,0.0788517174522751,0.0980213382742985,0.124784604233533,0.357228674311432,0.0179531823003397,0.0337988690496722,15000,5332,4986,12,24657.035737647,10,1,2,1
88,157.20840011518,160.991953545461,0.0240671199980984,0.499995550826727,42.3295553682851,0.4564,0.2593,0.04,1,0,0.0391377247282479,0.00282490368413881,0.399501710250683,0.978443118206198,104.194821984883,6.9331293505829e-08,0.00270669171612475,0.0468613724302556,0.115715074814597,0.169032007881655,0.205801234869831,0.252365590449738,0.978443118206198,0.0349359178599043,0.0706225921034704,10236,6654,6468,210,24753.7036338277,24,1,2,1
89,157.299748326127,161.299379760845,0.0254268139477593,0.499994333147577,42.1129243424388,0.4546,0.2586,0.04,1,0,0.0380102195814593,0.00339574864248587,0.480231378461354,0.950255489536481,159.624779436663,3.90740040942079e-08,0.00242974774987476,0.0532837563999849,0.132685971829416,0.196385310734163,0.251995492959,0.336605450806648,0.950255489536481,0.0404826975523679,0.0848937160621467,9982,6680,6494,520,24773.5386037431,28,1,2,1
90,157.40796113391,161.517578941979,0.0261080683496889,0.499994485721503,41.8983577935481,0.4536,0.2586,0.04,1,0,0.0351270422211336,0.00341470812832583,0.482912654662404,0.87817605552834,188.996606751074,3.335448931744e-08,0.00278599418894415,0.0517444935051268,0.132726355762939,0.198213977635149,0.263167363303044,0.349091265218366,0.87817605552834,0.0404670677850876,0.0853677032081459,10216,6554,6384,556,24805.7197635459,26,1,2,1
91,157.524196036537,161.846312154101,0.0274377919476075,0.49999195428467,41.7605514441195,0.453,0.2585,0.04,1,0,0.0289434167233371,0.00241839561417124,0.342012787674457,0.723585418083427,139.632043416232,7.7029459329847e-08,0.00262137551620002,0.0325967496123024,0.0878580711199693,0.144026349633164,0.199382140730949,0.248501852868094,0.723585418083427,0.0282293612445099,0.0604598903542809,10118,5922,5652,194,24821.8849694145,17,1,2,1
92,157.592014025587,162.173135056409,0.0290694998674125,0.499993481256294,41.5015192795605,0.451,0.2578,0.04,1,0,0.0353035455667022,0.0039950879362986,0.564990754238662,0.882588639167556,256.121498116559,6.12400463667728e-07,0.00388778726803371,0.0583164580483833,0.149571126216816,0.225939438402192,0.30572437739255,0.42946098882089,0.882588639167556,0.0466226572848169,0.099877198407465,11012,6590,6408,804,24874.6142788782,27,1,2,1
93,157.731162300858,162.626463128726,0.0310357240538834,0.499992225118883,41.2226916445585,0.4484,0.2565,0.04,1,0,0.0364947087473029,0.00429941507327614,0.608029110689844,0.912367718682574,277.580491887548,4.44560978645595e-08,0.00428981027376865,0.0569681650768978,0.150623112796646,0.223894076235356,0.345451272994712,0.472469538334006,0.912367718682574,0.0488010885379803,0.107485376831904,11392,6930,6584,852,24918.0249766221,26,1,2,1
94,157.899510194396,163.042699555299,0.0325725479108257,0.499989180096547,40.9671443262146,0.4451,0.2565,0.04,1,0,0.0397154210016375,0.00408221295422461,0.577312092435959,0.992885525040936,211.301688494421,2.29547278228741e-08,0.00395540819083152,0.0492297409046454,0.122433343084707,0.190774049660042,0.28815892340093,0.442194194249704,0.992885525040936,0.0431523313908575,0.102055323855615,10858,6962,6528,628,24966.4815770712,20,1,2,1
95,158.065774171213,163.420108689185,0.0338740916308191,0.499986092965823,40.7398570954712,0.4417,0.2551,0.04,1,0,0.0386947567507371,0.00365910759402915,0.517475958565841,0.967368918768429,178.844716115928,1.26682744909728e-08,0.00287275685828071,0.0367819029469247,0.103528667320987,0.179328861042588,0.257460554939657,0.410468721481626,0.967368918768429,0.0370381165474342,0.0914776898507287,10340,6198,5816,544,25026.2249264706,15,1,2,1
96,158.21252714652,163.896846047443,0.0359283743420588,0.499988875499057,40.4545452122451,0.4376,0.2543,0.04,1,0,0.0396999806522662,0.00431511632972392,0.610249603671318,0.992499516306655,236.284058501013,9.47597573272944e-08,0.00331422918315113,0.0477998564587651,0.124590280811257,0.190374869613923,0.2934557495409,0.508451377440893,0.992499516306655,0.044012924648161,0.107877908243098,10196,6776,6334,666,25094.25799825,17,1,2,1
97,158.402972769529,164.390931777417,0.0378020620648315,0.499986055689545,40.2014395798921,0.435,0.2538,0.04,1,0,0.0391750191000936,0.00384955393154001,0.544409137907055,0.97937547750234,193.122279386711,3.28045491294388e-08,0.00245112249667941,0.0422845563766347,0.106025779335058,0.153568206386938,0.257824271221235,0.470812525971284,0.97937547750234,0.0385644865538345,0.0962388482885003,9958,6854,6300,518,25139.731750825,15,1,2,1
98,158.565956600649,164.677632111769,0.0385434278715522,0.499987943296128,39.9007771474887,0.431,0.2528,0.04,1,0,0.0383860827239926,0.00430976610316237,0.609492967374807,0.959652068099815,252.109846496623,5.42283660973349e-08,0.00141010810046716,0.047128189205382,0.14512937547352,0.211858104927779,0.325372022051556,0.489356032518293,0.959652068099815,0.0460529818626583,0.107744152579059,9670,6452,6048,780,25205.0554263768,15,1,2,1
99,158.759506925066,165.187594853158,0.0404894677024015,0.499987698336575,39.6205413292266,0.4284,0.2508,0.04,1,0,0.0394554305420752,0.00416788987104827,0.589428638211392,0.986385763551881,223.176720774989,7.94334716323604e-08,0.00169215363482039,0.0439963294993107,0.123547049221894,0.187787634404432,0.287662872093222,0.50085970172417,0.986385763551881,0.0427581747712055,0.104197246776207,9674,6742,6238,612,25258.2238004997,17,1,2,1
100,158.938411464353,165.506670896416,0.0413258152736486,0.499987448017345,39.3639360802338,0.4258,0.2495,0.04,1,0,0.0366222848286853,0.00376226579587858,0.532064731378389,0.915557120717133,211.07561928082,6.37720843420615e-08,0.00145445556195198,0.0400795484627388,0.1170564668253,0.183418460617606,0.271875458084017,0.452760493211153,0.915557120717133,0.0391022046092374,0.0940566448969646,9616,6318,5884,558,25308.8525224666,16,1,2,1
101,159.101201018861,165.79889293556,0.042097054414472,0.499989137120966,39.0106788737557,0.4216,0.2485,0.04,1,0,0.039556676028056,0.00496683751655498,0.702416897801556,0.988916900701401,315.319130666256,8.23455390418677e-08,0.00249968441581285,0.0498071406493594,0.162192079230318,0.25792430131464,0.377469155261797,0.597343011657335,0.988916900701401,0.0527499953010329,0.124170937913875,10000,7862,7384,1050,25380.7137514964,21,1,2,1
102,159.322336968893,166.235665579293,0.043392086394951,0.499987942681672,38.6789051811175,0.4183,0.2454,0.04,1,0,0.0396484777675275,0.00481292183770831,0.680649933752873,0.991211944188189,294.709799617566,6.29632891018284e-08,0.00262662971108393,0.0458673769406231,0.154515605121266,0.249253648879092,0.372443921931757,0.580068896525533,0.991211944188189,0.0500453951495136,0.120323045942708,10172,6966,6456,992,25449.1541264182,20,1,2,1
103,159.533266460948,166.639506115672,0.0445439362734064,0.499987358519918,38.3670167079528,0.4153,0.2442,0.04,1,0,0.0388679858263026,0.0045135727171672,0.638315575137504,0.971699645657564,269.703642346907,1.86462053342857e-08,0.00224833526661813,0.0446130765334272,0.140881224807406,0.242776291417272,0.38324516821761,0.527160256875891,0.971699645657564,0.0475364853671466,0.11283931792918,9696,7494,7022,962,25510.2759113072,18,1,2,1
104,159.725523416775,167.018582422004,0.0456599474474665,0.499986196063371,38.065356535042,0.4127,0.2424,0.04,1,0,0.0386607746228253,0.00439253072989052,0.621197653135176,0.966519365570632,258.177570481573,4.64507563460434e-10,0.00193901802965323,0.0389075117387867,0.132609687130293,0.228910804698795,0.385341142789393,0.519288861836799,0.966519365570632,0.0452685758784176,0.109813268247263,9448,6868,6246,924,25569.7273163575,17,1,2,1
105,159.917355134799,167.379338224001,0.0466614963892533,0.499983997315935,37.8026030672092,0.4109,0.2402,0.04,1,0,0.0391863262274239,0.00385724196451529,0.545496389957217,0.979658155685597,193.782548106394,1.62234880556995e-07,0.00116289337794491,0.0334168728209625,0.110463633357718,0.187045650722216,0.337562750005901,0.461901715917935,0.979658155685597,0.0389205600017845,0.0964310491128824,9240,6130,5616,762,25626.037259494,14,1,2,1
106,160.082557117172,167.684780506161,0.0474893925102942,0.499985978368304,37.4895792450027,0.4071,0.2388,0.04,1,0,0.0349620586117015,0.00446972162048265,0.632114093571881,0.874051465292538,326.886476403486,4.45957241663967e-09,0.00160301582390512,0.0361656419349707,0.129509900644328,0.206157823447833,0.433773165156411,0.541864562532924,0.874051465292538,0.0448708199663535,0.111743040512066,9210,6980,6374,846,25691.5925592463,16,1,2,1
107,160.279687088518,168.04967852457,0.0484777052987433,0.499984402623065,37.1276454093288,0.4032,0.2364,0.04,1,0,0.0369194057782914,0.00516151437140392,0.729948362642306,0.922985144457284,390.908282848584,1.68396592602677e-07,0.00134789208754357,0.0410944555328873,0.173640099901915,0.260731408338152,0.488100342752499,0.615547708268613,0.922985144457284,0.0530681294295897,0.129037859285098,9206,6036,5762,1082,25770.4258499642,16,1,2,1
108,160.516753137814,168.719416096925,0.0511016002925773,0.49998299406354,36.8122355071865,0.3983,0.2339,0.04,1,0,0.039457100922688,0.00462225569752147,0.653685669619118,0.986427523067201,274.465387082334,9.64401695377846e-09,0.00200778290745512,0.0330390401035188,0.116887241635244,0.188263505553126,0.439113417369873,0.621058292550599,0.986427523067201,0.0439545246054347,0.115556392438037,9322,6700,6142,760,25831.7116827747,15,1,2,1
109,160.738590164224,169.078846394705,0.0518870808930187,0.499986781030702,36.3716492230036,0.3895,0.2314,0.04,1,0,0.0396269519005606,0.00608424219972568,0.860441783561478,0.990673797514014,471.478234009005,1.05808659110974e-07,0.00247540228385154,0.0427741829228897,0.155244171145516,0.242535510413618,0.543197808881267,0.848447820061895,0.990673797514014,0.0569368294137998,0.152106054993142,9974,7602,7174,956,25938.2059175261,20,1,2,1
110,161.05424988397,169.599130168146,0.053055913087251,0.499993264176568,35.8477307181718,0.3816,0.2277,0.04,1,0,0.0396868094342616,0.00704092816251834,0.995737609912811,0.99217023585654,629.502487603083,2.46231284934334e-07,0.00328115931408862,0.0467424745343624,0.192403022954636,0.306005616791371,0.622032591533093,0.985674872916311,0.99217023585654,0.0669956059745805,0.176023204062958,10318,7176,6892,1450,26057.9574744085,27,1,2,1
111,161.386133940188,170.214588313293,0.0547039213193898,0.499984884117298,35.5672806331937,0.379,0.224,0.04,1,0,0.0396746338918679,0.00443457667902776,0.62714384828645,0.991865847296697,249.866755421367,2.38740701565404e-08,0.00310836296410404,0.0309339456593395,0.0941734022412754,0.15373874781895,0.254089189881593,0.671189455419516,0.991865847296697,0.03854558605825,0.110864416975694,14440,6438,6008,516,26111.3260908901,15,1,2,1
112,161.55198080588,170.480989334717,0.0552701891013372,0.49998853566363,35.345926840478,0.3777,0.2188,0.04,1,0,0.0391015292013301,0.00332639492135138,0.470423281158411,0.977538230033252,144.740520099306,2.49407591931437e-08,0.00129074425524178,0.0218373792905887,0.0846989922908909,0.142645271361164,0.213617082993848,0.413493361467107,0.977538230033252,0.0295262385162442,0.0831598730337845,8678,4960,4696,402,26138.4495799763,15,1,2,1
113,161.655072714672,170.670832165133,0.0557715838981088,0.499993218099173,35.1225314672742,0.3757,0.2129,0.04,1,0,0.0368165224942839,0.00328566536880283,0.464663252598056,0.920413062357097,159.290958892386,1.19958806096466e-07,0.00184748957504389,0.0236458408182931,0.0973519950235678,0.161146096871849,0.23198831195712,0.359383976811078,0.920413062357097,0.0313394374177284,0.0821416342200708,8574,5126,4888,418,26170.3450274741,19,1,2,1
114,161.754843991202,170.87944158077,0.0564100422863679,0.499993662245106,34.9131516724618,0.3736,0.2093,0.04,1,0,0.0386094438785856,0.00332353443072711,0.470018746694822,0.96523609696464,148.198315701459,3.86846360105777e-08,0.000946478693278347,0.0250115269942783,0.0997959358139276,0.168815636481469,0.232232750668488,0.35626535062052,0.96523609696464,0.0317890571176821,0.0830883607681775,8572,5308,5002,432,26198.3723561753,21,1,2,1
115,161.852148323916,171.100114706982,0.0571383604038284,0.499994100381102,34.7454765669436,0.3723,0.2056,0.04,1,0,0.033446834851692,0.00292977999273334,0.414333460049283,0.8361708712923,153.458151269111,9.04515021026827e-08,0.00154143515689159,0.021427019569025,0.0967809172638401,0.159008713915093,0.208396582396915,0.308923099792797,0.8361708712923,0.0291595472036206,0.0732444998183333,8702,4926,4634,344,26224.9977928783,15,1,2,1
116,161.925650307163,171.455262254053,0.0588517750511615,0.499994988703943,34.5988200409277,0.3713,0.2039,0.04,1,0,0.032030454469764,0.00262745878798669,0.371578785254715,0.800761361744099,134.578480266317,1.48638545345283e-07,0.00115052094817239,0.0224673223797836,0.079382151212311,0.125414391616695,0.181479153444453,0.275020475613365,0.800761361744099,0.0255257480889326,0.0656864696996673,8200,5036,4740,246,26242.5466549339,18,1,2,1
117,161.995068163848,171.621999773584,0.0594273129352274,0.499995018281578,34.4355629091268,0.37,0.2016,0.04,1,0,0.0288888129175562,0.00299319412055911,0.423301572011011,0.722220322938905,214.704115788175,1.72997164923649e-08,0.00117828907366895,0.0239646942094773,0.102380844716929,0.169101765091744,0.223089384480423,0.323313856303436,0.722220322938905,0.0303692701359722,0.0748298530139779,8260,5208,4896,352,26268.9546762661,17,1,2,1
118,162.060284706489,171.98667866603,0.0612512434957099,0.499995472118728,34.3147107906808,0.3684,0.1997,0.04,1,0,0.0345726375984248,0.00230991183557019,0.32667086457495,0.86431593996062,89.2803278353236,1.69094610557385e-08,0.00120193787407002,0.0205783246113262,0.0742905449880226,0.114158249263695,0.164492411340665,0.234131226416557,0.86431593996062,0.0229801836587816,0.0577477958892549,8196,4818,4514,176,26280.6773982264,17,1,2,1
119,162.119822809027,172.135798787665,0.0617813158507882,0.499995566636261,34.1902757347019,0.3668,0.1997,0.04,1,0,0.0284813147049321,0.00226638026166271,0.320514570353808,0.712032867623303,126.641337576905,3.18808849980499e-08,0.000782925019953947,0.0194500740274903,0.0720704650509709,0.115921080360027,0.160606070777196,0.238803939581267,0.712032867623303,0.0221307864916151,0.0566595065415676,7976,4648,4336,188,26300.3857659264,17,1,2,1
120,162.174548789075,172.295349696652,0.0624068387003227,0.499995925838903,34.0628692797196,0.3649,0.1982,0.04,1,0,0.0310631449281022,0.00235663932751974,0.333279129860023,0.776578623202555,115.113270158987,1.70444978461044e-08,0.000461724148187561,0.0205960755251628,0.0756518531154881,0.122416525368054,0.167737382142945,0.24461438570892,0.776578623202555,0.0230320067624664,0.0589159831879937,7956,4830,4510,190,26318.8715606747,18,1,2,1
121,162.228119554654,172.466629941388,0.0631118107935961,0.499996204325378,33.9227173901302,0.3635,0.1979,0.04,1,0,0.0323029338472256,0.00255976654669529,0.362005656684543,0.807573346180639,125.587604795955,1.6058924182853e-08,0.000922945565675382,0.0233124777986264,0.0829125017546661,0.135410432659659,0.186418895132665,0.267435606443528,0.807573346180639,0.0255635782852972,0.0639941636673822,8228,5120,4850,234,26338.4023623318,20,1,2,1
122,162.288086062381,172.672461891032,0.0639872961756369,0.499996394470699,33.8136187373497,0.363,0.1974,0.04,1,0,0.0293096170774127,0.00217215019434263,0.30718842643507,0.732740426935317,109.84730578986,4.57779713536682e-08,0.000692343692730144,0.0203081805783268,0.0699610629493794,0.114330823256812,0.156979984786174,0.224518667674838,0.732740426935317,0.021777361034026,0.0543037548585658,8024,4802,4468,164,26353.2002742185,17,1,2,1
123,162.334156429704,172.843748397352,0.0647404846816616,0.499996586084611,33.7016325089766,0.3613,0.1965,0.04,1,0,0.0266439930392694,0.00219925097335933,0.311021055358699,0.666099825981734,136.263945065173,1.38959960914884e-08,0.000986856749113502,0.0208668727656772,0.0742641254972821,0.119153620481918,0.161284098922401,0.226219686812082,0.666099825981734,0.0223925142844221,0.0549812743339832,7908,4886,4590,158,26368.0126186487,18,1,2,1
124,162.379256781741,173.021235840433,0.0655377987903686,0.499996386603145,33.6057038660032,0.3603,0.196,0.04,1,0,0.0269381925662411,0.0020217649045821,0.285920734798995,0.673454814156029,112.656017983594,1.48755485781037e-08,0.000862641441637091,0.0204465604806158,0.0709890712616081,0.112512318700052,0.150095295244885,0.198531706899077,0.673454814156029,0.0210266688273318,0.0505441226145524,7954,4824,4516,106,26379.500774861,17,1,2,1
125,162.419161227915,173.153346990299,0.0660894052230751,0.499996881836366,33.4892339644228,0.3593,0.1955,0.04,1,0,0.0280645341505628,0.00221114020781849,0.312702447020538,0.70161335376407,124.15004583712,4.21454196892977e-08,0.00104097024294557,0.021035098773676,0.0729846803347397,0.124977995028164,0.171766113966647,0.224786921007193,0.70161335376407,0.0228287832854191,0.0552785051954624,7936,4888,4640,130,26397.0158436268,18,1,2,1
126,162.464096145463,173.352222525965,0.0670186622080087,0.49999690470505,33.3889442003258,0.3578,0.1945,0.04,1,0,0.0262267061759645,0.00210560026870906,0.297776845694478,0.655667654399113,128.912297583147,1.38223138776216e-08,0.000731222326272281,0.0210376614656416,0.0735802860072601,0.120071160468093,0.157309223944423,0.208752417840229,0.655667654399113,0.0218600587832035,0.0526400067177265,7852,4920,4622,96,26408.2641764739,18,1,2,1
127,162.501053098517,173.528746609618,0.0678622895103061,0.49999692140616,33.2958944877487,0.3563,0.1942,0.04,1,0,0.0278457936633288,0.00201683073345205,0.285222937625877,0.696144841583219,104.91792569476,1.5295392280193e-08,0.000742536036869265,0.0215795120114796,0.0731410879843502,0.114208550650483,0.152070165186676,0.194954844982012,0.696144841583219,0.0214007861000622,0.0504207683363012,7870,4936,4688,92,26418.8075868588,18,1,2,1
128,162.535331708559,173.667847233554,0.0684928957167085,0.499997142707012,33.1976991447054,0.3549,0.1938,0.04,1,0,0.0260247068440442,0.00200696496876307,0.283827707803242,0.650617671101106,118.942725951304,3.9760055616072e-08,0.000637948780230504,0.0207331325055193,0.0732042507872374,0.116120489569145,0.15464816872355,0.205034987836794,0.650617671101106,0.0214743097156834,0.0501741242190767,7844,4844,4596,88,26431.5445317887,18,1,2,1
129,162.572074913878,173.843556273269,0.0693322107462912,0.499996877343633,33.0950305738613,0.3541,0.1932,0.04,1,0,0.0268174376192265,0.00219993608144859,0.311117944273852,0.670435940480663,134.590858373499,3.72278640730082e-08,0.000646717877510023,0.023343312602145,0.0807622668531607,0.126159654367816,0.169043080465674,0.217900928770784,0.670435940480663,0.0234571511339815,0.0549984020362148,7904,5104,4856,120,26443.9861610599,20,1,2,1
130,162.615561829739,174.016390442693,0.0701090872526153,0.499996821788243,32.9861576848929,0.3536,0.1919,0.04,1,0,0.0268635770732796,0.00230684486230345,0.326237129056024,0.67158942683199,147.482024338275,1.17156447118501e-08,0.000366350310585121,0.0243297743930721,0.0845281857206695,0.136151279826583,0.177058588138932,0.231051831243708,0.67158942683199,0.0245567857438978,0.0576711215575864,7974,5212,4932,136,26459.1351872013,21,1,2,1
131,162.660212946104,174.209711616849,0.0710038334609342,0.499997267791708,32.9004082371081,0.353,0.1911,0.04,1,0,0.0218581318617408,0.00195804733183586,0.276909709245073,0.546453296543519,160.49085255423,7.45730808568505e-09,0.000523278591208465,0.0212968964757839,0.0712518873503803,0.116121994966402,0.151805538237651,0.198090683927228,0.546453296543519,0.0210860577070202,0.0489511832958966,7854,4924,4666,78,26470.1248417306,18,1,2,1
132,162.693595345134,174.362072363879,0.0717205676965445,0.499997095987295,32.8134585429904,0.3515,0.19,0.04,1,0,0.0253011122233556,0.0019527709902208,0.276163521857899,0.632527805583889,119.138848758245,5.4761517522906e-10,0.000258644217197274,0.0212649388547492,0.0717810242965712,0.11453802147024,0.153025189320666,0.198663814825225,0.632527805583889,0.020965747352747,0.0488192747555199,7710,4908,4642,72,26481.3137845426,18,1,2,1
133,162.72750711649,174.511463742606,0.0724152716091247,0.499997173712028,32.7271290588579,0.3506,0.1896,0.04,1,0,0.0256666948224394,0.00196954763209106,0.278536097304299,0.641667370560986,117.766855389674,1.10938621916531e-08,0.000221790687787232,0.0211368779884396,0.0713133726619519,0.116342121469012,0.15264585971121,0.196397222563577,0.641667370560986,0.0210018888826878,0.0492386908022766,7700,4914,4646,74,26492.5768672316,18,1,2,1
134,162.760984431302,174.665626065174,0.0731418630543858,0.499997109421029,32.6394799171009,0.35,0.1885,0.04,1,0,0.0234329524320316,0.00199515488819945,0.282157510192663,0.585823810800791,144.987047799078,1.96336067033882e-08,0.000398807363803069,0.0201288357966514,0.072618904654484,0.118857071756316,0.152881049153207,0.207190854735473,0.585823810800791,0.0212829470771053,0.0498788722049862,7750,4828,4570,82,26503.7795768079,18,1,2,1
135,162.792617190187,174.84017059908,0.0740055268895758,0.499997282088209,32.5567860249665,0.3494,0.1883,0.04,1,0,0.0222734359197188,0.00195527899152506,0.276518206803793,0.556835897992971,154.124978854062,1.04062095862185e-08,0.000335646010118301,0.0210773421509668,0.072542346142719,0.115844470074933,0.152179423624195,0.197357254058457,0.556835897992971,0.0210513807137065,0.0488819747881266,7676,4892,4630,78,26513.3250733685,18,1,2,1
136,162.821516357645,175.002374347909,0.0748111076641012,0.499997266950185,32.4743392073863,0.3486,0.1876,0.04,1,0,0.0230016152670062,0.00194680819617997,0.275320255437681,0.575040381675156,143.271450443682,8.40780234175007e-09,0.000181624253176595,0.0212187309283423,0.0721838102657591,0.115846585929707,0.153683521764774,0.198580358248135,0.575040381675156,0.0210057576300013,0.0486702049044993,7670,4888,4622,84,26522.824977479,18,1,2,1
137,162.849707047763,175.165646798791,0.0756276444968714,0.499997327323349,32.3956866966321,0.3479,0.1875,0.04,1,0,0.0211971472205113,0.00192870992007481,0.272760772685332,0.529928680512784,165.580424574046,3.99486150025276e-10,0.000263098191450231,0.0213874240946364,0.0707786771193713,0.113350060077434,0.153489254837502,0.199018627924156,0.529928680512784,0.0209086739250274,0.0482177480018701,7670,4930,4648,86,26531.6878738145,18,1,2,1
138,162.876605740044,175.317278716221,0.0763809690142551,0.499999102145344,32.3587906620971,0.3476,0.1879,0.02,2,1,0.00569502190696479,0.000647092985455431,0.0915127676147566,0.284751095348239,258.209717034258,6.40677091819885e-08,0.00576021575662167,0.0133810257211209,0.0521168016730727,0.0843883093701739,0.104652017733327,0.12265325948384,0.284751095348239,0.0161957499228287,0.0323546492727716,11858,2352,2070,0,26534.3003974684,17,1,2,1
139,162.882615630062,175.403921349379,0.0768731866865097,0.499999149662958,32.3283256233213,0.3476,0.1882,0.02,2,0,0.00666917320800575,0.000662277952707785,0.0936602462780037,0.333458660400287,197.227103742261,5.86736180589078e-08,0.00223593459538265,0.0144435399849837,0.0532196041318857,0.0864549344825422,0.108734253792535,0.126568223250671,0.333458660400287,0.0154487759240872,0.0331138976353893,6916,2408,2130,0,26535.6580732912,18,1,2,1
