k,binary_differing_elements,cutoff_gap_double,cutoff_gap_single,single_cutoff_density,single_cutoff_tie_group_size,single_tie_straddles_cutoff,all_changed_inside_tie_group,difference_explained,hard_gate_double,hard_gate_single,topology_double,topology_single,max_detached_area_double,max_detached_area_single
8,2,0,0,0.5,16,1,1,1,0,0,0,0,1.95138888888889,1.94444444444444
9,2,0,0,0.495000004768372,16,1,1,1,0,0,0,0,1.95138888888889,1.94444444444444
12,2,0,0,0.490000009536743,16,1,1,1,0,0,0,0,1.9375,1.9375
13,4,0,0,0.495000004768372,16,1,1,1,0,0,0,0,1.94444444444444,1.9375
14,2,0,0,0.5,16,1,1,1,0,0,0,0,1.9375,1.9375
18,6,0,0,0.5,32,1,1,1,0,0,0,0,1.9375,1.92361111111111
19,2,0,0,0.495000004768372,32,1,1,1,0,0,0,0,1.90972222222222,1.90277777777778
20,4,0,0,0.5,36,1,1,1,0,0,0,0,1.91666666666667,1.90972222222222
21,4,0,0,0.495000004768372,24,1,1,1,0,0,0,0,3.90277777777778,3.90277777777778
25,2,0,0,0.485000014305115,16,1,1,1,1,1,1,1,0,0
31,2,0,0,0.465000003576279,20,1,1,1,1,1,1,1,0,0
32,2,0,0,0.46000000834465,20,1,1,1,1,1,1,1,0,0
34,2,0,0,0.449999988079071,20,1,1,1,1,1,1,1,0,0
35,2,0,0,0.444999992847443,28,1,1,1,1,1,1,1,0.00694444444444444,0.00694444444444444
36,2,0,0,0.439999997615814,32,1,1,1,0,0,0,0,0.0138888888888889,0.0138888888888889
40,2,0,0,0.430000007152557,32,1,1,1,0,0,0,0,0.0625,0.0555555555555556
41,6,0,0,0.435000002384186,24,1,1,1,1,0,1,0,0,0.0138888888888889
42,2,0,0,0.430000007152557,16,1,1,1,0,0,0,0,0.0763888888888889,0.0694444444444444
43,2,0,0,0.425000011920929,28,1,1,1,0,0,0,0,0.0763888888888889,0.0694444444444444
45,2,0,0,0.435000002384186,24,1,1,1,1,0,1,0,0,0.0277777777777778
48,2,0,0,0.430000007152557,20,1,1,1,1,0,1,0,0,0.0694444444444444
49,4,0,0,0.435000002384186,24,1,1,1,0,0,0,0,0.0833333333333333,0.0833333333333333
52,2,0,0,0.439999997615814,20,1,1,1,1,1,1,1,0,0
53,2,0,0,0.444999992847443,28,1,1,1,1,1,1,1,0,0
54,2,0,0,0.439999997615814,16,1,1,1,0,0,0,0,0.0763888888888889,0.0694444444444444
56,4,0,0,0.439999997615814,16,1,1,1,1,1,1,1,0,0
57,2,0,0,0.435000002384186,24,1,1,1,1,1,1,1,0.00694444444444444,0
58,4,0,0,0.439999997615814,16,1,1,1,1,1,1,1,0,0
59,2,0,0,0.435000002384186,24,1,1,1,0,0,0,0,0.0138888888888889,0.0138888888888889
60,2,0,0,0.439999997615814,16,1,1,1,1,1,1,1,0,0
64,2,0,0,0.439999997615814,20,1,1,1,0,0,0,0,0.0138888888888889,0.0138888888888889
66,2,0,0,0.449999988079071,32,1,1,1,0,0,0,0,0.0138888888888889,0.0138888888888889
67,4,0,0,0.444999992847443,28,1,1,1,0,0,0,0,0.0208333333333333,0.0277777777777778
68,2,0,0,0.449999988079071,16,1,1,1,0,0,0,0,0.0277777777777778,0.0277777777777778
70,6,0,0,0.449999988079071,32,1,1,1,0,0,0,0,0.0277777777777778,0.0277777777777778
71,4,0,0,0.455000013113022,28,1,1,1,0,0,0,0,0.0277777777777778,0.0277777777777778
75,2,0,0,0.465000003576279,16,1,1,1,0,0,0,0,0.0277777777777778,0.0277777777777778
77,2,0,0,0.465000003576279,16,1,1,1,0,0,0,0,0.0277777777777778,0.0277777777777778
78,2,0,0,0.469999998807907,16,1,1,1,0,0,0,0,0.0277777777777778,0.0277777777777778
81,4,0,0,0.474999994039536,28,1,1,1,0,0,0,0,0.0277777777777778,0.0277777777777778
82,2,0,0,0.479999989271164,20,1,1,1,0,0,0,0,0.0277777777777778,0.0277777777777778
84,2,0,0,0.479999989271164,16,1,1,1,0,0,0,0,0.0277777777777778,0.0277777777777778
85,2,0,0,0.485000014305115,16,1,1,1,0,0,0,0,0.0277777777777778,0.0277777777777778
86,2,0,0,0.490000009536743,20,1,1,1,0,0,0,0,0.0277777777777778,0.0277777777777778
87,2,0,0,0.495000004768372,24,1,1,1,0,0,0,0,0.0277777777777778,0.0277777777777778
89,2,0,0,0.495000004768372,24,1,1,1,0,0,0,0,0.0277777777777778,0.0277777777777778
90,4,0,0,0.490000009536743,32,1,1,1,0,0,0,0,0.0277777777777778,0.0277777777777778
91,4,0,0,0.495000004768372,40,1,1,1,0,0,0,0,0.0277777777777778,0.0277777777777778
92,2,0,0,0.490000009536743,32,1,1,1,0,0,0,0,0.0277777777777778,0.0277777777777778
93,2,0,0,0.485000014305115,32,1,1,1,0,0,0,0,0.0277777777777778,0.0277777777777778
95,4,0,0,0.485000014305115,36,1,1,1,0,0,0,0,0.0277777777777778,0.0277777777777778
96,4,0,0,0.479999989271164,40,1,1,1,0,0,0,0,0.0277777777777778,0.0277777777777778
97,2,0,0,0.474999994039536,32,1,1,1,0,0,0,0,0.0277777777777778,0.0277777777777778
99,2,0,0,0.474999994039536,18,1,1,1,1,0,1,0,0.00694444444444444,0.0277777777777778
100,2,0,0,0.469999998807907,12,1,1,1,1,1,1,1,0.00694444444444444,0.00694444444444444
102,2,0,0,0.469999998807907,7,1,1,1,1,1,1,1,0.00694444444444444,0.00694444444444444
103,2,0,0,0.474999994039536,15,1,1,1,1,1,1,1,0.00694444444444444,0.00694444444444444
104,2,0,0,0.469999998807907,14,1,1,1,1,1,1,1,0.00694444444444444,0.00694444444444444
105,4,0,0,0.474999994039536,20,1,1,1,1,1,1,1,0.00694444444444444,0.00694444444444444
106,2,0,0,0.479999989271164,17,1,1,1,1,1,1,1,0.00694444444444444,0
107,2,0,0,0.474999994039536,18,1,1,1,1,1,1,1,0,0
124,2,1.36424205265939e-12,0,0.479999989271164,12,1,1,1,0,0,0,0,0.0347222222222222,0.0347222222222222
125,2,0,0,0.485000014305115,8,1,1,1,0,0,0,0,0.0416666666666667,0.0416666666666667
138,2,0,0,0.479999989271164,5,1,1,1,0,0,0,0,0.0416666666666667,0.0416666666666667
146,4,0,0,0.479999989271164,8,1,1,1,0,0,0,0,0.0555555555555556,0.0416666666666667
147,2,0,0,0.474999994039536,8,1,1,1,0,0,0,0,0.0555555555555556,0.0416666666666667
158,2,0,0,0.490000009536743,7,1,1,1,0,0,0,0,0.0277777777777778,0.0277777777777778
165,2,0,0,0.485000014305115,9,1,1,1,0,0,0,0,0.0138888888888889,0.0347222222222222
166,2,1.13686837721616e-12,0,0.490000009536743,4,1,1,1,0,0,0,0,0.0347222222222222,0.0347222222222222
168,2,0,0,0.490000009536743,5,1,1,1,0,0,0,0,0.0347222222222222,0.0347222222222222
169,2,2.27373675443232e-13,0,0.485000014305115,6,1,1,1,0,0,0,0,0.0347222222222222,0.0347222222222222
172,2,2.27373675443232e-13,0,0.479999989271164,5,1,1,1,0,0,0,0,0.0347222222222222,0.0347222222222222
173,2,2.27373675443232e-13,0,0.485000014305115,4,1,1,1,0,0,0,0,0.0347222222222222,0.0347222222222222
174,2,0,0,0.490000009536743,4,1,1,1,0,0,0,0,0.0347222222222222,0.0347222222222222
176,2,0,0,0.490000009536743,4,1,1,1,0,0,0,0,0.0347222222222222,0.0347222222222222
180,2,0,0,0.5,9,1,1,1,0,0,0,0,0.0347222222222222,0.0347222222222222
185,2,0,0,0.495000004768372,9,1,1,1,0,0,0,0,0.0347222222222222,0.0347222222222222
186,2,0,0,0.490000009536743,7,1,1,1,0,0,0,0,0.0347222222222222,0.0347222222222222
187,2,0,0,0.485000014305115,6,1,1,1,0,0,0,0,0.0347222222222222,0.0347222222222222
188,2,4.54747350886464e-13,0,0.479999989271164,9,1,1,1,0,0,0,0,0.0347222222222222,0.0347222222222222
190,2,0,0,0.479999989271164,5,1,1,1,0,0,0,0,0.0347222222222222,0.0347222222222222
191,2,1.36424205265939e-12,0,0.474999994039536,5,1,1,1,0,0,0,0,0.0347222222222222,0.0347222222222222
193,2,2.27373675443232e-13,0,0.474999994039536,4,1,1,1,0,0,0,0,0.0208333333333333,0.0208333333333333
223,2,0,0,0.444999992847443,5,1,1,1,1,1,1,1,0.00694444444444444,0.00694444444444444
227,2,4.44089209850063e-16,0,0.444999992847443,2,1,1,1,1,1,1,1,0.00694444444444444,0.00694444444444444
235,2,2.27429186594463e-13,0,0.444999992847443,3,1,1,1,1,1,1,1,0.00694444444444444,0.00694444444444444
247,2,1.02318153949454e-12,0,0.444999992847443,3,1,1,1,1,1,1,1,0.00694444444444444,0.00694444444444444
248,2,1.02318153949454e-12,0,0.447499990463257,2,1,1,1,1,1,1,1,0.00694444444444444,0.00694444444444444
250,2,0,0,0.447499990463257,3,1,1,1,1,1,1,1,0.00694444444444444,0.00694444444444444
251,2,0,0,0.449999988079071,3,1,1,1,1,1,1,1,0.00694444444444444,0.00694444444444444
283,2,4.54747350886464e-13,0,0.449999988079071,2,1,1,1,1,1,1,1,0.00694444444444444,0.00694444444444444
290,2,5.6843418860808e-13,0,0.452499985694885,2,1,1,1,1,1,1,1,0.00694444444444444,0.00694444444444444
291,2,5.6843418860808e-13,0,0.455000013113022,2,1,1,1,1,1,1,1,0.00694444444444444,0.00694444444444444
292,2,5.6843418860808e-13,0,0.457500010728836,2,1,1,1,1,1,1,1,0.00694444444444444,0.00694444444444444
348,2,7.7715611723761e-16,0,0.452499985694885,2,1,1,1,1,1,1,1,0,0
